train: {'epoch': 0, 'time_epoch': 7.83644, 'eta': 775.80712, 'eta_hours': 0.2155, 'loss': 1.11898333, 'lr': 0.0, 'params': 135811, 'time_iter': 0.14512, 'accuracy': 0.26526, 'f1': 0.21448, 'auc': 0.45412}
...computing epoch stats took: 0.19s
val: {'epoch': 0, 'time_epoch': 0.7224, 'loss': 1.11607823, 'lr': 0, 'params': 135811, 'time_iter': 0.1032, 'accuracy': 0.28302, 'f1': 0.23193, 'auc': 0.55666}
...computing epoch stats took: 0.02s
test: {'epoch': 0, 'time_epoch': 0.71117, 'loss': 1.11781774, 'lr': 0, 'params': 135811, 'time_iter': 0.1016, 'accuracy': 0.3271, 'f1': 0.23897, 'auc': 0.43513}
...computing epoch stats took: 0.02s
> Epoch 0: took 35.8s (avg 35.8s) | Best so far: epoch 0	train_loss: 1.0953 train_accuracy: 0.3509	val_loss: 1.0898 val_accuracy: 0.3868	test_loss: 1.0859 test_accuracy: 0.3645
train: {'epoch': 1, 'time_epoch': 33.0221, 'eta': 3282.83166, 'eta_hours': 0.9119, 'loss': 1.07699956, 'lr': 0.00033333, 'params': 135811, 'time_iter': 0.61152, 'accuracy': 0.40141, 'f1': 0.30037, 'auc': 0.51793}
...computing epoch stats took: 0.01s
val: {'epoch': 1, 'time_epoch': 0.78357, 'loss': 1.07201657, 'lr': 0, 'params': 135811, 'time_iter': 0.11194, 'accuracy': 0.35849, 'f1': 0.24674, 'auc': 0.49385}
...computing epoch stats took: 0.01s
test: {'epoch': 1, 'time_epoch': 0.79173, 'loss': 1.04624736, 'lr': 0, 'params': 135811, 'time_iter': 0.1131, 'accuracy': 0.39252, 'f1': 0.26919, 'auc': 0.65971}
...computing epoch stats took: 0.01s
> Epoch 1: took 34.6s (avg 35.2s) | Best so far: epoch 0	train_loss: 1.0953 train_accuracy: 0.3509	val_loss: 1.0898 val_accuracy: 0.3868	test_loss: 1.0859 test_accuracy: 0.3645
train: {'epoch': 2, 'time_epoch': 21.62242, 'eta': 2865.34721, 'eta_hours': 0.79593, 'loss': 1.04568323, 'lr': 0.00066667, 'params': 135811, 'time_iter': 0.40042, 'accuracy': 0.47535, 'f1': 0.34262, 'auc': 0.62844}
...computing epoch stats took: 0.01s
val: {'epoch': 2, 'time_epoch': 0.78228, 'loss': 1.06652513, 'lr': 0, 'params': 135811, 'time_iter': 0.11175, 'accuracy': 0.39623, 'f1': 0.28862, 'auc': 0.52655}
...computing epoch stats took: 0.01s
test: {'epoch': 2, 'time_epoch': 0.81726, 'loss': 1.03212633, 'lr': 0, 'params': 135811, 'time_iter': 0.11675, 'accuracy': 0.45794, 'f1': 0.32716, 'auc': 0.66803}
...computing epoch stats took: 0.01s
> Epoch 2: took 23.3s (avg 31.2s) | Best so far: epoch 2	train_loss: 1.0457 train_accuracy: 0.4753	val_loss: 1.0665 val_accuracy: 0.3962	test_loss: 1.0321 test_accuracy: 0.4579
train: {'epoch': 3, 'time_epoch': 21.72204, 'eta': 2648.18455, 'eta_hours': 0.73561, 'loss': 1.00219034, 'lr': 0.001, 'params': 135811, 'time_iter': 0.40226, 'accuracy': 0.53052, 'f1': 0.40466, 'auc': 0.68887}
val: {'epoch': 3, 'time_epoch': 0.81879, 'loss': 1.06054953, 'lr': 0, 'params': 135811, 'time_iter': 0.11697, 'accuracy': 0.43396, 'f1': 0.28462, 'auc': 0.55469}
test: {'epoch': 3, 'time_epoch': 0.82419, 'loss': 0.9752733, 'lr': 0, 'params': 135811, 'time_iter': 0.11774, 'accuracy': 0.56075, 'f1': 0.35652, 'auc': 0.66193}
> Epoch 3: took 23.4s (avg 29.3s) | Best so far: epoch 3	train_loss: 1.0022 train_accuracy: 0.5305	val_loss: 1.0605 val_accuracy: 0.4340	test_loss: 0.9753 test_accuracy: 0.5607
train: {'epoch': 4, 'time_epoch': 21.72048, 'eta': 2509.16864, 'eta_hours': 0.69699, 'loss': 0.93073557, 'lr': 0.00099974, 'params': 135811, 'time_iter': 0.40223, 'accuracy': 0.57864, 'f1': 0.50918, 'auc': 0.77891}
val: {'epoch': 4, 'time_epoch': 0.79699, 'loss': 1.06751497, 'lr': 0, 'params': 135811, 'time_iter': 0.11386, 'accuracy': 0.41509, 'f1': 0.29195, 'auc': 0.55666}
test: {'epoch': 4, 'time_epoch': 0.79147, 'loss': 1.0122851, 'lr': 0, 'params': 135811, 'time_iter': 0.11307, 'accuracy': 0.46729, 'f1': 0.32787, 'auc': 0.63934}
> Epoch 4: took 23.3s (avg 28.1s) | Best so far: epoch 3	train_loss: 1.0022 train_accuracy: 0.5305	val_loss: 1.0605 val_accuracy: 0.4340	test_loss: 0.9753 test_accuracy: 0.5607
train: {'epoch': 5, 'time_epoch': 21.73007, 'eta': 2409.4014, 'eta_hours': 0.66928, 'loss': 0.87484342, 'lr': 0.00099895, 'params': 135811, 'time_iter': 0.40241, 'accuracy': 0.63615, 'f1': 0.58641, 'auc': 0.80291}
val: {'epoch': 5, 'time_epoch': 0.79365, 'loss': 1.03895101, 'lr': 0, 'params': 135811, 'time_iter': 0.11338, 'accuracy': 0.43396, 'f1': 0.33118, 'auc': 0.61988}
test: {'epoch': 5, 'time_epoch': 0.80415, 'loss': 1.00577587, 'lr': 0, 'params': 135811, 'time_iter': 0.11488, 'accuracy': 0.38318, 'f1': 0.36203, 'auc': 0.65247}
> Epoch 5: took 23.4s (avg 27.3s) | Best so far: epoch 3	train_loss: 1.0022 train_accuracy: 0.5305	val_loss: 1.0605 val_accuracy: 0.4340	test_loss: 0.9753 test_accuracy: 0.5607
train: {'epoch': 6, 'time_epoch': 44.44329, 'eta': 2633.69181, 'eta_hours': 0.73158, 'loss': 0.80289541, 'lr': 0.00099764, 'params': 135811, 'time_iter': 0.82302, 'accuracy': 0.69836, 'f1': 0.68675, 'auc': 0.84554}
val: {'epoch': 6, 'time_epoch': 0.8215, 'loss': 1.0886127, 'lr': 0, 'params': 135811, 'time_iter': 0.11736, 'accuracy': 0.37736, 'f1': 0.28926, 'auc': 0.60582}
test: {'epoch': 6, 'time_epoch': 0.79238, 'loss': 0.96567369, 'lr': 0, 'params': 135811, 'time_iter': 0.1132, 'accuracy': 0.51402, 'f1': 0.42222, 'auc': 0.65839}
> Epoch 6: took 46.1s (avg 30.0s) | Best so far: epoch 3	train_loss: 1.0022 train_accuracy: 0.5305	val_loss: 1.0605 val_accuracy: 0.4340	test_loss: 0.9753 test_accuracy: 0.5607
train: {'epoch': 7, 'time_epoch': 78.53326, 'eta': 3182.83348, 'eta_hours': 0.88412, 'loss': 0.71931666, 'lr': 0.00099581, 'params': 135811, 'time_iter': 1.45432, 'accuracy': 0.74765, 'f1': 0.73485, 'auc': 0.88771}
val: {'epoch': 7, 'time_epoch': 0.82498, 'loss': 1.25305881, 'lr': 0, 'params': 135811, 'time_iter': 0.11785, 'accuracy': 0.33962, 'f1': 0.2276, 'auc': 0.52243}
test: {'epoch': 7, 'time_epoch': 0.84185, 'loss': 1.07703222, 'lr': 0, 'params': 135811, 'time_iter': 0.12026, 'accuracy': 0.54206, 'f1': 0.37429, 'auc': 0.62063}
> Epoch 7: took 80.2s (avg 36.3s) | Best so far: epoch 3	train_loss: 1.0022 train_accuracy: 0.5305	val_loss: 1.0605 val_accuracy: 0.4340	test_loss: 0.9753 test_accuracy: 0.5607
train: {'epoch': 8, 'time_epoch': 55.75709, 'eta': 3362.19947, 'eta_hours': 0.93394, 'loss': 0.6799132, 'lr': 0.00099346, 'params': 135811, 'time_iter': 1.03254, 'accuracy': 0.76408, 'f1': 0.75797, 'auc': 0.89302}
val: {'epoch': 8, 'time_epoch': 0.82299, 'loss': 1.27015369, 'lr': 0, 'params': 135811, 'time_iter': 0.11757, 'accuracy': 0.25472, 'f1': 0.21271, 'auc': 0.60328}
test: {'epoch': 8, 'time_epoch': 0.79431, 'loss': 1.25516723, 'lr': 0, 'params': 135811, 'time_iter': 0.11347, 'accuracy': 0.2243, 'f1': 0.21379, 'auc': 0.61023}
> Epoch 8: took 57.4s (avg 38.6s) | Best so far: epoch 3	train_loss: 1.0022 train_accuracy: 0.5305	val_loss: 1.0605 val_accuracy: 0.4340	test_loss: 0.9753 test_accuracy: 0.5607
train: {'epoch': 9, 'time_epoch': 21.6923, 'eta': 3187.95772, 'eta_hours': 0.88554, 'loss': 0.60259614, 'lr': 0.00099059, 'params': 135811, 'time_iter': 0.40171, 'accuracy': 0.7946, 'f1': 0.79009, 'auc': 0.92599}
val: {'epoch': 9, 'time_epoch': 0.8098, 'loss': 1.11653322, 'lr': 0, 'params': 135811, 'time_iter': 0.11569, 'accuracy': 0.45283, 'f1': 0.41012, 'auc': 0.61962}
test: {'epoch': 9, 'time_epoch': 0.80464, 'loss': 1.13016536, 'lr': 0, 'params': 135811, 'time_iter': 0.11495, 'accuracy': 0.47664, 'f1': 0.48445, 'auc': 0.6015}
> Epoch 9: took 23.3s (avg 37.1s) | Best so far: epoch 9	train_loss: 0.6026 train_accuracy: 0.7946	val_loss: 1.1165 val_accuracy: 0.4528	test_loss: 1.1302 test_accuracy: 0.4766
train: {'epoch': 10, 'time_epoch': 44.48802, 'eta': 3225.8903, 'eta_hours': 0.89608, 'loss': 0.55134877, 'lr': 0.00098721, 'params': 135811, 'time_iter': 0.82385, 'accuracy': 0.83099, 'f1': 0.82329, 'auc': 0.92986}
val: {'epoch': 10, 'time_epoch': 0.78782, 'loss': 1.36108871, 'lr': 0, 'params': 135811, 'time_iter': 0.11255, 'accuracy': 0.39623, 'f1': 0.2839, 'auc': 0.57515}
test: {'epoch': 10, 'time_epoch': 0.79237, 'loss': 1.14888535, 'lr': 0, 'params': 135811, 'time_iter': 0.1132, 'accuracy': 0.52336, 'f1': 0.34923, 'auc': 0.6142}
> Epoch 10: took 46.1s (avg 37.9s) | Best so far: epoch 9	train_loss: 0.6026 train_accuracy: 0.7946	val_loss: 1.1165 val_accuracy: 0.4528	test_loss: 1.1302 test_accuracy: 0.4766
train: {'epoch': 11, 'time_epoch': 21.68488, 'eta': 3082.8631, 'eta_hours': 0.85635, 'loss': 0.55899235, 'lr': 0.00098331, 'params': 135811, 'time_iter': 0.40157, 'accuracy': 0.81221, 'f1': 0.80894, 'auc': 0.91912}
val: {'epoch': 11, 'time_epoch': 0.78763, 'loss': 1.30043904, 'lr': 0, 'params': 135811, 'time_iter': 0.11252, 'accuracy': 0.33962, 'f1': 0.31213, 'auc': 0.61319}
test: {'epoch': 11, 'time_epoch': 0.79186, 'loss': 1.26920425, 'lr': 0, 'params': 135811, 'time_iter': 0.11312, 'accuracy': 0.37383, 'f1': 0.37222, 'auc': 0.63482}
> Epoch 11: took 23.3s (avg 36.7s) | Best so far: epoch 9	train_loss: 0.6026 train_accuracy: 0.7946	val_loss: 1.1165 val_accuracy: 0.4528	test_loss: 1.1302 test_accuracy: 0.4766
train: {'epoch': 12, 'time_epoch': 67.15607, 'eta': 3262.81111, 'eta_hours': 0.90634, 'loss': 0.56016964, 'lr': 0.00097891, 'params': 135811, 'time_iter': 1.24363, 'accuracy': 0.80282, 'f1': 0.79418, 'auc': 0.92007}
val: {'epoch': 12, 'time_epoch': 0.81301, 'loss': 1.42235599, 'lr': 0, 'params': 135811, 'time_iter': 0.11614, 'accuracy': 0.42453, 'f1': 0.25857, 'auc': 0.5823}
test: {'epoch': 12, 'time_epoch': 0.79762, 'loss': 1.14833921, 'lr': 0, 'params': 135811, 'time_iter': 0.11395, 'accuracy': 0.56075, 'f1': 0.3505, 'auc': 0.62483}
> Epoch 12: took 68.8s (avg 39.2s) | Best so far: epoch 9	train_loss: 0.6026 train_accuracy: 0.7946	val_loss: 1.1165 val_accuracy: 0.4528	test_loss: 1.1302 test_accuracy: 0.4766
train: {'epoch': 13, 'time_epoch': 33.15957, 'eta': 3198.62292, 'eta_hours': 0.88851, 'loss': 0.46872635, 'lr': 0.000974, 'params': 135811, 'time_iter': 0.61407, 'accuracy': 0.85446, 'f1': 0.84801, 'auc': 0.94579}
val: {'epoch': 13, 'time_epoch': 0.80715, 'loss': 1.37630794, 'lr': 0, 'params': 135811, 'time_iter': 0.11531, 'accuracy': 0.43396, 'f1': 0.32357, 'auc': 0.59813}
test: {'epoch': 13, 'time_epoch': 0.79766, 'loss': 1.16122662, 'lr': 0, 'params': 135811, 'time_iter': 0.11395, 'accuracy': 0.51402, 'f1': 0.36404, 'auc': 0.63003}
> Epoch 13: took 34.8s (avg 38.8s) | Best so far: epoch 9	train_loss: 0.6026 train_accuracy: 0.7946	val_loss: 1.1165 val_accuracy: 0.4528	test_loss: 1.1302 test_accuracy: 0.4766
train: {'epoch': 14, 'time_epoch': 21.62836, 'eta': 3073.22838, 'eta_hours': 0.85367, 'loss': 0.41415789, 'lr': 0.0009686, 'params': 135811, 'time_iter': 0.40053, 'accuracy': 0.87559, 'f1': 0.87366, 'auc': 0.95879}
val: {'epoch': 14, 'time_epoch': 0.80293, 'loss': 1.34784396, 'lr': 0, 'params': 135811, 'time_iter': 0.1147, 'accuracy': 0.42453, 'f1': 0.40575, 'auc': 0.59501}
test: {'epoch': 14, 'time_epoch': 0.81599, 'loss': 1.1495392, 'lr': 0, 'params': 135811, 'time_iter': 0.11657, 'accuracy': 0.56075, 'f1': 0.48818, 'auc': 0.65016}
> Epoch 14: took 23.3s (avg 37.8s) | Best so far: epoch 9	train_loss: 0.6026 train_accuracy: 0.7946	val_loss: 1.1165 val_accuracy: 0.4528	test_loss: 1.1302 test_accuracy: 0.4766
train: {'epoch': 15, 'time_epoch': 45.21871, 'eta': 3084.65391, 'eta_hours': 0.85685, 'loss': 0.3789806, 'lr': 0.00096271, 'params': 135811, 'time_iter': 0.83738, 'accuracy': 0.89319, 'f1': 0.89291, 'auc': 0.96106}
val: {'epoch': 15, 'time_epoch': 0.79612, 'loss': 1.48108366, 'lr': 0, 'params': 135811, 'time_iter': 0.11373, 'accuracy': 0.42453, 'f1': 0.30325, 'auc': 0.58079}
test: {'epoch': 15, 'time_epoch': 0.79468, 'loss': 1.25045416, 'lr': 0, 'params': 135811, 'time_iter': 0.11353, 'accuracy': 0.53271, 'f1': 0.34034, 'auc': 0.64097}
> Epoch 15: took 46.8s (avg 38.4s) | Best so far: epoch 9	train_loss: 0.6026 train_accuracy: 0.7946	val_loss: 1.1165 val_accuracy: 0.4528	test_loss: 1.1302 test_accuracy: 0.4766
train: {'epoch': 16, 'time_epoch': 56.03444, 'eta': 3142.22163, 'eta_hours': 0.87284, 'loss': 0.39618147, 'lr': 0.00095633, 'params': 135811, 'time_iter': 1.03767, 'accuracy': 0.87324, 'f1': 0.8661, 'auc': 0.95988}
val: {'epoch': 16, 'time_epoch': 0.8514, 'loss': 1.49605011, 'lr': 0, 'params': 135811, 'time_iter': 0.12163, 'accuracy': 0.37736, 'f1': 0.35797, 'auc': 0.60381}
test: {'epoch': 16, 'time_epoch': 0.85747, 'loss': 1.47907264, 'lr': 0, 'params': 135811, 'time_iter': 0.1225, 'accuracy': 0.37383, 'f1': 0.34906, 'auc': 0.63562}
> Epoch 16: took 57.8s (avg 39.5s) | Best so far: epoch 9	train_loss: 0.6026 train_accuracy: 0.7946	val_loss: 1.1165 val_accuracy: 0.4528	test_loss: 1.1302 test_accuracy: 0.4766
train: {'epoch': 17, 'time_epoch': 21.65278, 'eta': 3030.53933, 'eta_hours': 0.84182, 'loss': 0.3419781, 'lr': 0.00094948, 'params': 135811, 'time_iter': 0.40098, 'accuracy': 0.9061, 'f1': 0.90271, 'auc': 0.9658}
val: {'epoch': 17, 'time_epoch': 0.79409, 'loss': 1.61123612, 'lr': 0, 'params': 135811, 'time_iter': 0.11344, 'accuracy': 0.39623, 'f1': 0.40593, 'auc': 0.56887}
test: {'epoch': 17, 'time_epoch': 0.78566, 'loss': 1.21599711, 'lr': 0, 'params': 135811, 'time_iter': 0.11224, 'accuracy': 0.5514, 'f1': 0.505, 'auc': 0.63137}
> Epoch 17: took 23.3s (avg 38.6s) | Best so far: epoch 9	train_loss: 0.6026 train_accuracy: 0.7946	val_loss: 1.1165 val_accuracy: 0.4528	test_loss: 1.1302 test_accuracy: 0.4766
train: {'epoch': 18, 'time_epoch': 44.3829, 'eta': 3025.23592, 'eta_hours': 0.84034, 'loss': 0.3279833, 'lr': 0.00094215, 'params': 135811, 'time_iter': 0.82191, 'accuracy': 0.90376, 'f1': 0.90012, 'auc': 0.96538}
val: {'epoch': 18, 'time_epoch': 0.81619, 'loss': 1.52702962, 'lr': 0, 'params': 135811, 'time_iter': 0.1166, 'accuracy': 0.40566, 'f1': 0.35616, 'auc': 0.57956}
test: {'epoch': 18, 'time_epoch': 0.81516, 'loss': 1.60304341, 'lr': 0, 'params': 135811, 'time_iter': 0.11645, 'accuracy': 0.38318, 'f1': 0.37952, 'auc': 0.63079}
> Epoch 18: took 46.0s (avg 39.0s) | Best so far: epoch 9	train_loss: 0.6026 train_accuracy: 0.7946	val_loss: 1.1165 val_accuracy: 0.4528	test_loss: 1.1302 test_accuracy: 0.4766
train: {'epoch': 19, 'time_epoch': 10.45708, 'eta': 2880.32128, 'eta_hours': 0.80009, 'loss': 0.31364389, 'lr': 0.00093436, 'params': 135811, 'time_iter': 0.19365, 'accuracy': 0.90962, 'f1': 0.90547, 'auc': 0.96828}
val: {'epoch': 19, 'time_epoch': 0.81386, 'loss': 1.62590845, 'lr': 0, 'params': 135811, 'time_iter': 0.11627, 'accuracy': 0.39623, 'f1': 0.37787, 'auc': 0.5641}
test: {'epoch': 19, 'time_epoch': 0.8179, 'loss': 1.59538686, 'lr': 0, 'params': 135811, 'time_iter': 0.11684, 'accuracy': 0.37383, 'f1': 0.37239, 'auc': 0.69806}
> Epoch 19: took 12.1s (avg 37.7s) | Best so far: epoch 9	train_loss: 0.6026 train_accuracy: 0.7946	val_loss: 1.1165 val_accuracy: 0.4528	test_loss: 1.1302 test_accuracy: 0.4766
train: {'epoch': 20, 'time_epoch': 33.09215, 'eta': 2833.36309, 'eta_hours': 0.78705, 'loss': 0.32811806, 'lr': 0.00092611, 'params': 135811, 'time_iter': 0.61282, 'accuracy': 0.90258, 'f1': 0.90309, 'auc': 0.96143}
val: {'epoch': 20, 'time_epoch': 0.78891, 'loss': 1.55696378, 'lr': 0, 'params': 135811, 'time_iter': 0.1127, 'accuracy': 0.43396, 'f1': 0.42697, 'auc': 0.59551}
test: {'epoch': 20, 'time_epoch': 0.7954, 'loss': 1.47606356, 'lr': 0, 'params': 135811, 'time_iter': 0.11363, 'accuracy': 0.45794, 'f1': 0.41085, 'auc': 0.62598}
> Epoch 20: took 34.7s (avg 37.5s) | Best so far: epoch 9	train_loss: 0.6026 train_accuracy: 0.7946	val_loss: 1.1165 val_accuracy: 0.4528	test_loss: 1.1302 test_accuracy: 0.4766
train: {'epoch': 21, 'time_epoch': 33.12838, 'eta': 2787.79391, 'eta_hours': 0.77439, 'loss': 0.2698214, 'lr': 0.00091741, 'params': 135811, 'time_iter': 0.61349, 'accuracy': 0.92723, 'f1': 0.92787, 'auc': 0.97684}
val: {'epoch': 21, 'time_epoch': 0.82472, 'loss': 1.67595159, 'lr': 0, 'params': 135811, 'time_iter': 0.11782, 'accuracy': 0.45283, 'f1': 0.36537, 'auc': 0.60065}
test: {'epoch': 21, 'time_epoch': 0.82285, 'loss': 1.43326063, 'lr': 0, 'params': 135811, 'time_iter': 0.11755, 'accuracy': 0.53271, 'f1': 0.39636, 'auc': 0.58962}
> Epoch 21: took 34.8s (avg 37.4s) | Best so far: epoch 9	train_loss: 0.6026 train_accuracy: 0.7946	val_loss: 1.1165 val_accuracy: 0.4528	test_loss: 1.1302 test_accuracy: 0.4766
train: {'epoch': 22, 'time_epoch': 33.10362, 'eta': 2743.22367, 'eta_hours': 0.76201, 'loss': 0.24290266, 'lr': 0.00090828, 'params': 135811, 'time_iter': 0.61303, 'accuracy': 0.93779, 'f1': 0.93628, 'auc': 0.97529}
val: {'epoch': 22, 'time_epoch': 0.79226, 'loss': 1.71598856, 'lr': 0, 'params': 135811, 'time_iter': 0.11318, 'accuracy': 0.39623, 'f1': 0.39377, 'auc': 0.60384}
test: {'epoch': 22, 'time_epoch': 0.79011, 'loss': 1.5129371, 'lr': 0, 'params': 135811, 'time_iter': 0.11287, 'accuracy': 0.4486, 'f1': 0.44861, 'auc': 0.66249}
> Epoch 22: took 34.7s (avg 37.3s) | Best so far: epoch 9	train_loss: 0.6026 train_accuracy: 0.7946	val_loss: 1.1165 val_accuracy: 0.4528	test_loss: 1.1302 test_accuracy: 0.4766
train: {'epoch': 23, 'time_epoch': 10.41084, 'eta': 2627.74849, 'eta_hours': 0.72993, 'loss': 0.26731939, 'lr': 0.00089872, 'params': 135811, 'time_iter': 0.19279, 'accuracy': 0.92488, 'f1': 0.92303, 'auc': 0.97507}
val: {'epoch': 23, 'time_epoch': 0.79581, 'loss': 1.94572832, 'lr': 0, 'params': 135811, 'time_iter': 0.11369, 'accuracy': 0.38679, 'f1': 0.23551, 'auc': 0.56951}
test: {'epoch': 23, 'time_epoch': 0.79839, 'loss': 1.56708215, 'lr': 0, 'params': 135811, 'time_iter': 0.11406, 'accuracy': 0.53271, 'f1': 0.26425, 'auc': 0.63568}
> Epoch 23: took 12.0s (avg 36.2s) | Best so far: epoch 9	train_loss: 0.6026 train_accuracy: 0.7946	val_loss: 1.1165 val_accuracy: 0.4528	test_loss: 1.1302 test_accuracy: 0.4766
train: {'epoch': 24, 'time_epoch': 33.1423, 'eta': 2588.87283, 'eta_hours': 0.71913, 'loss': 0.22472604, 'lr': 0.00088874, 'params': 135811, 'time_iter': 0.61375, 'accuracy': 0.94014, 'f1': 0.93793, 'auc': 0.97869}
val: {'epoch': 24, 'time_epoch': 0.80433, 'loss': 1.84837074, 'lr': 0, 'params': 135811, 'time_iter': 0.1149, 'accuracy': 0.39623, 'f1': 0.39739, 'auc': 0.5899}
test: {'epoch': 24, 'time_epoch': 0.81321, 'loss': 1.5077018, 'lr': 0, 'params': 135811, 'time_iter': 0.11617, 'accuracy': 0.47664, 'f1': 0.46644, 'auc': 0.68293}
> Epoch 24: took 34.8s (avg 36.2s) | Best so far: epoch 9	train_loss: 0.6026 train_accuracy: 0.7946	val_loss: 1.1165 val_accuracy: 0.4528	test_loss: 1.1302 test_accuracy: 0.4766
train: {'epoch': 25, 'time_epoch': 22.01181, 'eta': 2518.75912, 'eta_hours': 0.69966, 'loss': 0.2237155, 'lr': 0.00087836, 'params': 135811, 'time_iter': 0.40763, 'accuracy': 0.94366, 'f1': 0.94068, 'auc': 0.98277}
val: {'epoch': 25, 'time_epoch': 0.80154, 'loss': 1.80020793, 'lr': 0, 'params': 135811, 'time_iter': 0.11451, 'accuracy': 0.43396, 'f1': 0.36681, 'auc': 0.58209}
test: {'epoch': 25, 'time_epoch': 0.79212, 'loss': 1.46312051, 'lr': 0, 'params': 135811, 'time_iter': 0.11316, 'accuracy': 0.5514, 'f1': 0.39109, 'auc': 0.67195}
> Epoch 25: took 23.6s (avg 35.7s) | Best so far: epoch 9	train_loss: 0.6026 train_accuracy: 0.7946	val_loss: 1.1165 val_accuracy: 0.4528	test_loss: 1.1302 test_accuracy: 0.4766
train: {'epoch': 26, 'time_epoch': 33.00553, 'eta': 2481.93227, 'eta_hours': 0.68943, 'loss': 0.2193214, 'lr': 0.00086757, 'params': 135811, 'time_iter': 0.61121, 'accuracy': 0.94484, 'f1': 0.9433, 'auc': 0.98227}
val: {'epoch': 26, 'time_epoch': 0.8168, 'loss': 1.92987773, 'lr': 0, 'params': 135811, 'time_iter': 0.11669, 'accuracy': 0.43396, 'f1': 0.32357, 'auc': 0.58898}
test: {'epoch': 26, 'time_epoch': 0.81925, 'loss': 1.72359222, 'lr': 0, 'params': 135811, 'time_iter': 0.11704, 'accuracy': 0.47664, 'f1': 0.33588, 'auc': 0.54594}
> Epoch 26: took 34.7s (avg 35.6s) | Best so far: epoch 9	train_loss: 0.6026 train_accuracy: 0.7946	val_loss: 1.1165 val_accuracy: 0.4528	test_loss: 1.1302 test_accuracy: 0.4766
train: {'epoch': 27, 'time_epoch': 21.83074, 'eta': 2416.64319, 'eta_hours': 0.67129, 'loss': 0.21585714, 'lr': 0.0008564, 'params': 135811, 'time_iter': 0.40427, 'accuracy': 0.94366, 'f1': 0.94141, 'auc': 0.98259}
val: {'epoch': 27, 'time_epoch': 0.82193, 'loss': 1.8313578, 'lr': 0, 'params': 135811, 'time_iter': 0.11742, 'accuracy': 0.48113, 'f1': 0.45119, 'auc': 0.5565}
test: {'epoch': 27, 'time_epoch': 0.79589, 'loss': 1.56089385, 'lr': 0, 'params': 135811, 'time_iter': 0.1137, 'accuracy': 0.50467, 'f1': 0.37989, 'auc': 0.61326}
> Epoch 27: took 23.5s (avg 35.2s) | Best so far: epoch 27	train_loss: 0.2159 train_accuracy: 0.9437	val_loss: 1.8314 val_accuracy: 0.4811	test_loss: 1.5609 test_accuracy: 0.5047
train: {'epoch': 28, 'time_epoch': 10.42445, 'eta': 2326.4255, 'eta_hours': 0.64623, 'loss': 0.22237977, 'lr': 0.00084486, 'params': 135811, 'time_iter': 0.19305, 'accuracy': 0.93662, 'f1': 0.93425, 'auc': 0.98337}
val: {'epoch': 28, 'time_epoch': 0.80665, 'loss': 1.82144789, 'lr': 0, 'params': 135811, 'time_iter': 0.11524, 'accuracy': 0.48113, 'f1': 0.44599, 'auc': 0.59206}
test: {'epoch': 28, 'time_epoch': 0.79162, 'loss': 1.87190893, 'lr': 0, 'params': 135811, 'time_iter': 0.11309, 'accuracy': 0.42056, 'f1': 0.41611, 'auc': 0.64995}
> Epoch 28: took 12.1s (avg 34.4s) | Best so far: epoch 27	train_loss: 0.2159 train_accuracy: 0.9437	val_loss: 1.8314 val_accuracy: 0.4811	test_loss: 1.5609 test_accuracy: 0.5047
train: {'epoch': 29, 'time_epoch': 44.47611, 'eta': 2320.98124, 'eta_hours': 0.64472, 'loss': 0.18799321, 'lr': 0.00083296, 'params': 135811, 'time_iter': 0.82363, 'accuracy': 0.95305, 'f1': 0.95061, 'auc': 0.98772}
val: {'epoch': 29, 'time_epoch': 0.80668, 'loss': 2.11129616, 'lr': 0, 'params': 135811, 'time_iter': 0.11524, 'accuracy': 0.38679, 'f1': 0.31476, 'auc': 0.5673}
test: {'epoch': 29, 'time_epoch': 0.82545, 'loss': 1.79172746, 'lr': 0, 'params': 135811, 'time_iter': 0.11792, 'accuracy': 0.46729, 'f1': 0.33174, 'auc': 0.59814}
> Epoch 29: took 46.1s (avg 34.8s) | Best so far: epoch 27	train_loss: 0.2159 train_accuracy: 0.9437	val_loss: 1.8314 val_accuracy: 0.4811	test_loss: 1.5609 test_accuracy: 0.5047
train: {'epoch': 30, 'time_epoch': 10.33529, 'eta': 2237.02792, 'eta_hours': 0.6214, 'loss': 0.1949857, 'lr': 0.0008207, 'params': 135811, 'time_iter': 0.19139, 'accuracy': 0.94601, 'f1': 0.94285, 'auc': 0.98762}
val: {'epoch': 30, 'time_epoch': 0.84798, 'loss': 1.96792512, 'lr': 0, 'params': 135811, 'time_iter': 0.12114, 'accuracy': 0.38679, 'f1': 0.36253, 'auc': 0.588}
test: {'epoch': 30, 'time_epoch': 0.78841, 'loss': 1.7880908, 'lr': 0, 'params': 135811, 'time_iter': 0.11263, 'accuracy': 0.43925, 'f1': 0.43039, 'auc': 0.59763}
> Epoch 30: took 12.0s (avg 34.1s) | Best so far: epoch 27	train_loss: 0.2159 train_accuracy: 0.9437	val_loss: 1.8314 val_accuracy: 0.4811	test_loss: 1.5609 test_accuracy: 0.5047
train: {'epoch': 31, 'time_epoch': 44.63652, 'eta': 2230.56585, 'eta_hours': 0.6196, 'loss': 0.19644722, 'lr': 0.00080811, 'params': 135811, 'time_iter': 0.8266, 'accuracy': 0.94014, 'f1': 0.93734, 'auc': 0.98323}
val: {'epoch': 31, 'time_epoch': 0.83104, 'loss': 1.9038788, 'lr': 0, 'params': 135811, 'time_iter': 0.11872, 'accuracy': 0.41509, 'f1': 0.36735, 'auc': 0.55449}
test: {'epoch': 31, 'time_epoch': 0.84443, 'loss': 2.17836526, 'lr': 0, 'params': 135811, 'time_iter': 0.12063, 'accuracy': 0.35514, 'f1': 0.31776, 'auc': 0.61145}
> Epoch 31: took 46.3s (avg 34.4s) | Best so far: epoch 27	train_loss: 0.2159 train_accuracy: 0.9437	val_loss: 1.8314 val_accuracy: 0.4811	test_loss: 1.5609 test_accuracy: 0.5047
train: {'epoch': 32, 'time_epoch': 21.81995, 'eta': 2175.46563, 'eta_hours': 0.6043, 'loss': 0.15396019, 'lr': 0.0007952, 'params': 135811, 'time_iter': 0.40407, 'accuracy': 0.9554, 'f1': 0.95268, 'auc': 0.99154}
val: {'epoch': 32, 'time_epoch': 0.817, 'loss': 2.16958174, 'lr': 0, 'params': 135811, 'time_iter': 0.11671, 'accuracy': 0.41509, 'f1': 0.30681, 'auc': 0.5286}
test: {'epoch': 32, 'time_epoch': 0.80361, 'loss': 1.78179933, 'lr': 0, 'params': 135811, 'time_iter': 0.1148, 'accuracy': 0.51402, 'f1': 0.33413, 'auc': 0.62184}
> Epoch 32: took 23.5s (avg 34.1s) | Best so far: epoch 27	train_loss: 0.2159 train_accuracy: 0.9437	val_loss: 1.8314 val_accuracy: 0.4811	test_loss: 1.5609 test_accuracy: 0.5047
train: {'epoch': 33, 'time_epoch': 55.77547, 'eta': 2188.23673, 'eta_hours': 0.60784, 'loss': 0.16439533, 'lr': 0.00078198, 'params': 135811, 'time_iter': 1.03288, 'accuracy': 0.95423, 'f1': 0.95316, 'auc': 0.99033}
val: {'epoch': 33, 'time_epoch': 0.83186, 'loss': 2.15524616, 'lr': 0, 'params': 135811, 'time_iter': 0.11884, 'accuracy': 0.41509, 'f1': 0.41043, 'auc': 0.55668}
test: {'epoch': 33, 'time_epoch': 0.85892, 'loss': 1.68754164, 'lr': 0, 'params': 135811, 'time_iter': 0.1227, 'accuracy': 0.51402, 'f1': 0.46463, 'auc': 0.63773}
> Epoch 33: took 57.5s (avg 34.8s) | Best so far: epoch 27	train_loss: 0.2159 train_accuracy: 0.9437	val_loss: 1.8314 val_accuracy: 0.4811	test_loss: 1.5609 test_accuracy: 0.5047
train: {'epoch': 34, 'time_epoch': 21.76236, 'eta': 2133.92367, 'eta_hours': 0.59276, 'loss': 0.13238051, 'lr': 0.00076846, 'params': 135811, 'time_iter': 0.40301, 'accuracy': 0.97066, 'f1': 0.97003, 'auc': 0.98921}
val: {'epoch': 34, 'time_epoch': 0.81935, 'loss': 2.03674624, 'lr': 0, 'params': 135811, 'time_iter': 0.11705, 'accuracy': 0.41509, 'f1': 0.41734, 'auc': 0.60121}
test: {'epoch': 34, 'time_epoch': 0.80622, 'loss': 1.78922331, 'lr': 0, 'params': 135811, 'time_iter': 0.11517, 'accuracy': 0.50467, 'f1': 0.48726, 'auc': 0.61894}
> Epoch 34: took 23.4s (avg 34.5s) | Best so far: epoch 27	train_loss: 0.2159 train_accuracy: 0.9437	val_loss: 1.8314 val_accuracy: 0.4811	test_loss: 1.5609 test_accuracy: 0.5047
train: {'epoch': 35, 'time_epoch': 10.44732, 'eta': 2061.30335, 'eta_hours': 0.57258, 'loss': 0.1624205, 'lr': 0.00075466, 'params': 135811, 'time_iter': 0.19347, 'accuracy': 0.96009, 'f1': 0.9587, 'auc': 0.98704}
val: {'epoch': 35, 'time_epoch': 0.79987, 'loss': 2.25473707, 'lr': 0, 'params': 135811, 'time_iter': 0.11427, 'accuracy': 0.38679, 'f1': 0.3746, 'auc': 0.56181}
test: {'epoch': 35, 'time_epoch': 0.80489, 'loss': 2.11140781, 'lr': 0, 'params': 135811, 'time_iter': 0.11498, 'accuracy': 0.42056, 'f1': 0.42294, 'auc': 0.65953}
> Epoch 35: took 12.1s (avg 33.9s) | Best so far: epoch 27	train_loss: 0.2159 train_accuracy: 0.9437	val_loss: 1.8314 val_accuracy: 0.4811	test_loss: 1.5609 test_accuracy: 0.5047
train: {'epoch': 36, 'time_epoch': 33.35683, 'eta': 2031.05184, 'eta_hours': 0.56418, 'loss': 0.16134515, 'lr': 0.00074059, 'params': 135811, 'time_iter': 0.61772, 'accuracy': 0.96127, 'f1': 0.95995, 'auc': 0.98494}
val: {'epoch': 36, 'time_epoch': 0.81499, 'loss': 2.28406781, 'lr': 0, 'params': 135811, 'time_iter': 0.11643, 'accuracy': 0.37736, 'f1': 0.37683, 'auc': 0.55859}
test: {'epoch': 36, 'time_epoch': 0.82201, 'loss': 1.86896984, 'lr': 0, 'params': 135811, 'time_iter': 0.11743, 'accuracy': 0.45794, 'f1': 0.45036, 'auc': 0.69799}
> Epoch 36: took 35.0s (avg 33.9s) | Best so far: epoch 27	train_loss: 0.2159 train_accuracy: 0.9437	val_loss: 1.8314 val_accuracy: 0.4811	test_loss: 1.5609 test_accuracy: 0.5047
train: {'epoch': 37, 'time_epoch': 44.70203, 'eta': 2019.14747, 'eta_hours': 0.56087, 'loss': 0.14711481, 'lr': 0.00072627, 'params': 135811, 'time_iter': 0.82782, 'accuracy': 0.96244, 'f1': 0.95997, 'auc': 0.98797}
val: {'epoch': 37, 'time_epoch': 0.79643, 'loss': 2.18373403, 'lr': 0, 'params': 135811, 'time_iter': 0.11378, 'accuracy': 0.46226, 'f1': 0.35579, 'auc': 0.58226}
test: {'epoch': 37, 'time_epoch': 0.79127, 'loss': 2.31576519, 'lr': 0, 'params': 135811, 'time_iter': 0.11304, 'accuracy': 0.40187, 'f1': 0.29012, 'auc': 0.50359}
> Epoch 37: took 46.3s (avg 34.2s) | Best so far: epoch 27	train_loss: 0.2159 train_accuracy: 0.9437	val_loss: 1.8314 val_accuracy: 0.4811	test_loss: 1.5609 test_accuracy: 0.5047
train: {'epoch': 38, 'time_epoch': 21.66188, 'eta': 1969.52401, 'eta_hours': 0.54709, 'loss': 0.16631531, 'lr': 0.00071172, 'params': 135811, 'time_iter': 0.40115, 'accuracy': 0.95423, 'f1': 0.94884, 'auc': 0.98936}
val: {'epoch': 38, 'time_epoch': 0.80027, 'loss': 2.19955558, 'lr': 0, 'params': 135811, 'time_iter': 0.11432, 'accuracy': 0.42453, 'f1': 0.39722, 'auc': 0.59911}
test: {'epoch': 38, 'time_epoch': 0.81216, 'loss': 1.90068932, 'lr': 0, 'params': 135811, 'time_iter': 0.11602, 'accuracy': 0.48598, 'f1': 0.43358, 'auc': 0.60809}
> Epoch 38: took 23.3s (avg 33.9s) | Best so far: epoch 27	train_loss: 0.2159 train_accuracy: 0.9437	val_loss: 1.8314 val_accuracy: 0.4811	test_loss: 1.5609 test_accuracy: 0.5047
train: {'epoch': 39, 'time_epoch': 44.35926, 'eta': 1955.3447, 'eta_hours': 0.54315, 'loss': 0.17417253, 'lr': 0.00069694, 'params': 135811, 'time_iter': 0.82147, 'accuracy': 0.94836, 'f1': 0.94777, 'auc': 0.98621}
val: {'epoch': 39, 'time_epoch': 0.78901, 'loss': 2.28638774, 'lr': 0, 'params': 135811, 'time_iter': 0.11272, 'accuracy': 0.41509, 'f1': 0.36703, 'auc': 0.55279}
test: {'epoch': 39, 'time_epoch': 0.78585, 'loss': 1.76220954, 'lr': 0, 'params': 135811, 'time_iter': 0.11226, 'accuracy': 0.54206, 'f1': 0.45602, 'auc': 0.57331}
> Epoch 39: took 46.0s (avg 34.2s) | Best so far: epoch 27	train_loss: 0.2159 train_accuracy: 0.9437	val_loss: 1.8314 val_accuracy: 0.4811	test_loss: 1.5609 test_accuracy: 0.5047
train: {'epoch': 40, 'time_epoch': 32.99408, 'eta': 1923.33843, 'eta_hours': 0.53426, 'loss': 0.13565397, 'lr': 0.00068195, 'params': 135811, 'time_iter': 0.611, 'accuracy': 0.96362, 'f1': 0.9606, 'auc': 0.99227}
val: {'epoch': 40, 'time_epoch': 0.77908, 'loss': 2.24071291, 'lr': 0, 'params': 135811, 'time_iter': 0.1113, 'accuracy': 0.40566, 'f1': 0.29404, 'auc': 0.57191}
test: {'epoch': 40, 'time_epoch': 0.8105, 'loss': 2.26545151, 'lr': 0, 'params': 135811, 'time_iter': 0.11579, 'accuracy': 0.42056, 'f1': 0.30612, 'auc': 0.4773}
> Epoch 40: took 34.6s (avg 34.2s) | Best so far: epoch 27	train_loss: 0.2159 train_accuracy: 0.9437	val_loss: 1.8314 val_accuracy: 0.4811	test_loss: 1.5609 test_accuracy: 0.5047
train: {'epoch': 41, 'time_epoch': 10.34913, 'eta': 1860.01353, 'eta_hours': 0.51667, 'loss': 0.11381759, 'lr': 0.00066678, 'params': 135811, 'time_iter': 0.19165, 'accuracy': 0.97418, 'f1': 0.97257, 'auc': 0.99381}
val: {'epoch': 41, 'time_epoch': 0.81863, 'loss': 2.1246108, 'lr': 0, 'params': 135811, 'time_iter': 0.11695, 'accuracy': 0.45283, 'f1': 0.4298, 'auc': 0.58728}
test: {'epoch': 41, 'time_epoch': 0.94008, 'loss': 2.19348299, 'lr': 0, 'params': 135811, 'time_iter': 0.1343, 'accuracy': 0.41121, 'f1': 0.41151, 'auc': 0.62691}
> Epoch 41: took 12.1s (avg 33.7s) | Best so far: epoch 27	train_loss: 0.2159 train_accuracy: 0.9437	val_loss: 1.8314 val_accuracy: 0.4811	test_loss: 1.5609 test_accuracy: 0.5047
train: {'epoch': 42, 'time_epoch': 33.41119, 'eta': 1829.72325, 'eta_hours': 0.50826, 'loss': 0.07980331, 'lr': 0.00065143, 'params': 135811, 'time_iter': 0.61873, 'accuracy': 0.98709, 'f1': 0.98678, 'auc': 0.99487}
val: {'epoch': 42, 'time_epoch': 0.80108, 'loss': 2.26202638, 'lr': 0, 'params': 135811, 'time_iter': 0.11444, 'accuracy': 0.39623, 'f1': 0.39071, 'auc': 0.57443}
test: {'epoch': 42, 'time_epoch': 0.79695, 'loss': 1.9506807, 'lr': 0, 'params': 135811, 'time_iter': 0.11385, 'accuracy': 0.48598, 'f1': 0.47128, 'auc': 0.62665}
> Epoch 42: took 35.0s (avg 33.7s) | Best so far: epoch 27	train_loss: 0.2159 train_accuracy: 0.9437	val_loss: 1.8314 val_accuracy: 0.4811	test_loss: 1.5609 test_accuracy: 0.5047
train: {'epoch': 43, 'time_epoch': 33.11668, 'eta': 1798.91628, 'eta_hours': 0.4997, 'loss': 0.13918865, 'lr': 0.00063592, 'params': 135811, 'time_iter': 0.61327, 'accuracy': 0.96127, 'f1': 0.96019, 'auc': 0.99172}
val: {'epoch': 43, 'time_epoch': 0.83219, 'loss': 2.20053786, 'lr': 0, 'params': 135811, 'time_iter': 0.11888, 'accuracy': 0.43396, 'f1': 0.43096, 'auc': 0.55822}
test: {'epoch': 43, 'time_epoch': 0.85431, 'loss': 1.83419972, 'lr': 0, 'params': 135811, 'time_iter': 0.12204, 'accuracy': 0.52336, 'f1': 0.46628, 'auc': 0.64076}
> Epoch 43: took 34.8s (avg 33.8s) | Best so far: epoch 27	train_loss: 0.2159 train_accuracy: 0.9437	val_loss: 1.8314 val_accuracy: 0.4811	test_loss: 1.5609 test_accuracy: 0.5047
train: {'epoch': 44, 'time_epoch': 33.17817, 'eta': 1768.08182, 'eta_hours': 0.49113, 'loss': 0.14558074, 'lr': 0.00062026, 'params': 135811, 'time_iter': 0.61441, 'accuracy': 0.96127, 'f1': 0.95777, 'auc': 0.99175}
val: {'epoch': 44, 'time_epoch': 0.78448, 'loss': 2.28724969, 'lr': 0, 'params': 135811, 'time_iter': 0.11207, 'accuracy': 0.41509, 'f1': 0.38825, 'auc': 0.55047}
test: {'epoch': 44, 'time_epoch': 0.78838, 'loss': 1.86627541, 'lr': 0, 'params': 135811, 'time_iter': 0.11263, 'accuracy': 0.50467, 'f1': 0.40313, 'auc': 0.58516}
> Epoch 44: took 34.8s (avg 33.8s) | Best so far: epoch 27	train_loss: 0.2159 train_accuracy: 0.9437	val_loss: 1.8314 val_accuracy: 0.4811	test_loss: 1.5609 test_accuracy: 0.5047
train: {'epoch': 45, 'time_epoch': 21.74845, 'eta': 1723.72795, 'eta_hours': 0.47881, 'loss': 0.09609581, 'lr': 0.00060448, 'params': 135811, 'time_iter': 0.40275, 'accuracy': 0.98122, 'f1': 0.98156, 'auc': 0.99379}
val: {'epoch': 45, 'time_epoch': 0.81629, 'loss': 2.4774518, 'lr': 0, 'params': 135811, 'time_iter': 0.11661, 'accuracy': 0.37736, 'f1': 0.38075, 'auc': 0.55492}
test: {'epoch': 45, 'time_epoch': 0.81637, 'loss': 2.14759657, 'lr': 0, 'params': 135811, 'time_iter': 0.11662, 'accuracy': 0.42056, 'f1': 0.39976, 'auc': 0.63267}
> Epoch 45: took 23.4s (avg 33.6s) | Best so far: epoch 27	train_loss: 0.2159 train_accuracy: 0.9437	val_loss: 1.8314 val_accuracy: 0.4811	test_loss: 1.5609 test_accuracy: 0.5047
train: {'epoch': 46, 'time_epoch': 21.75839, 'eta': 1680.34722, 'eta_hours': 0.46676, 'loss': 0.08289459, 'lr': 0.0005886, 'params': 135811, 'time_iter': 0.40293, 'accuracy': 0.98357, 'f1': 0.98297, 'auc': 0.99297}
val: {'epoch': 46, 'time_epoch': 0.87846, 'loss': 2.32838793, 'lr': 0, 'params': 135811, 'time_iter': 0.12549, 'accuracy': 0.42453, 'f1': 0.41578, 'auc': 0.57993}
test: {'epoch': 46, 'time_epoch': 0.83557, 'loss': 2.26316993, 'lr': 0, 'params': 135811, 'time_iter': 0.11937, 'accuracy': 0.43925, 'f1': 0.43537, 'auc': 0.60164}
> Epoch 46: took 23.5s (avg 33.4s) | Best so far: epoch 27	train_loss: 0.2159 train_accuracy: 0.9437	val_loss: 1.8314 val_accuracy: 0.4811	test_loss: 1.5609 test_accuracy: 0.5047
train: {'epoch': 47, 'time_epoch': 44.46254, 'eta': 1662.46359, 'eta_hours': 0.4618, 'loss': 0.13361934, 'lr': 0.00057261, 'params': 135811, 'time_iter': 0.82338, 'accuracy': 0.96479, 'f1': 0.96566, 'auc': 0.99463}
val: {'epoch': 47, 'time_epoch': 0.7938, 'loss': 2.21568845, 'lr': 0, 'params': 135811, 'time_iter': 0.1134, 'accuracy': 0.4434, 'f1': 0.4404, 'auc': 0.55256}
test: {'epoch': 47, 'time_epoch': 0.83501, 'loss': 1.99349084, 'lr': 0, 'params': 135811, 'time_iter': 0.11929, 'accuracy': 0.48598, 'f1': 0.43115, 'auc': 0.61184}
> Epoch 47: took 46.1s (avg 33.6s) | Best so far: epoch 27	train_loss: 0.2159 train_accuracy: 0.9437	val_loss: 1.8314 val_accuracy: 0.4811	test_loss: 1.5609 test_accuracy: 0.5047
train: {'epoch': 48, 'time_epoch': 21.99819, 'eta': 1620.11385, 'eta_hours': 0.45003, 'loss': 0.09741858, 'lr': 0.00055656, 'params': 135811, 'time_iter': 0.40737, 'accuracy': 0.97887, 'f1': 0.97782, 'auc': 0.99556}
val: {'epoch': 48, 'time_epoch': 0.81637, 'loss': 2.32286263, 'lr': 0, 'params': 135811, 'time_iter': 0.11662, 'accuracy': 0.4434, 'f1': 0.38889, 'auc': 0.56644}
test: {'epoch': 48, 'time_epoch': 0.82703, 'loss': 2.02870305, 'lr': 0, 'params': 135811, 'time_iter': 0.11815, 'accuracy': 0.48598, 'f1': 0.37728, 'auc': 0.56186}
> Epoch 48: took 23.7s (avg 33.4s) | Best so far: epoch 27	train_loss: 0.2159 train_accuracy: 0.9437	val_loss: 1.8314 val_accuracy: 0.4811	test_loss: 1.5609 test_accuracy: 0.5047
train: {'epoch': 49, 'time_epoch': 33.10175, 'eta': 1589.68172, 'eta_hours': 0.44158, 'loss': 0.09299577, 'lr': 0.00054044, 'params': 135811, 'time_iter': 0.613, 'accuracy': 0.97653, 'f1': 0.97543, 'auc': 0.9957}
val: {'epoch': 49, 'time_epoch': 0.79076, 'loss': 2.3391356, 'lr': 0, 'params': 135811, 'time_iter': 0.11297, 'accuracy': 0.41509, 'f1': 0.34021, 'auc': 0.5413}
test: {'epoch': 49, 'time_epoch': 0.79869, 'loss': 2.0302245, 'lr': 0, 'params': 135811, 'time_iter': 0.1141, 'accuracy': 0.48598, 'f1': 0.35276, 'auc': 0.53959}
> Epoch 49: took 34.7s (avg 33.4s) | Best so far: epoch 27	train_loss: 0.2159 train_accuracy: 0.9437	val_loss: 1.8314 val_accuracy: 0.4811	test_loss: 1.5609 test_accuracy: 0.5047
train: {'epoch': 50, 'time_epoch': 33.12292, 'eta': 1559.16525, 'eta_hours': 0.4331, 'loss': 0.10936517, 'lr': 0.00052428, 'params': 135811, 'time_iter': 0.61339, 'accuracy': 0.97418, 'f1': 0.97298, 'auc': 0.99242}
val: {'epoch': 50, 'time_epoch': 0.81221, 'loss': 2.50312715, 'lr': 0, 'params': 135811, 'time_iter': 0.11603, 'accuracy': 0.38679, 'f1': 0.38109, 'auc': 0.56452}
test: {'epoch': 50, 'time_epoch': 0.81824, 'loss': 2.30055613, 'lr': 0, 'params': 135811, 'time_iter': 0.11689, 'accuracy': 0.43925, 'f1': 0.42824, 'auc': 0.59326}
> Epoch 50: took 34.8s (avg 33.5s) | Best so far: epoch 27	train_loss: 0.2159 train_accuracy: 0.9437	val_loss: 1.8314 val_accuracy: 0.4811	test_loss: 1.5609 test_accuracy: 0.5047
train: {'epoch': 51, 'time_epoch': 56.21356, 'eta': 1549.86295, 'eta_hours': 0.43052, 'loss': 0.07707812, 'lr': 0.0005081, 'params': 135811, 'time_iter': 1.04099, 'accuracy': 0.98122, 'f1': 0.98056, 'auc': 0.99693}
val: {'epoch': 51, 'time_epoch': 0.82332, 'loss': 2.61518835, 'lr': 0, 'params': 135811, 'time_iter': 0.11762, 'accuracy': 0.35849, 'f1': 0.35716, 'auc': 0.55964}
test: {'epoch': 51, 'time_epoch': 0.81447, 'loss': 2.23372539, 'lr': 0, 'params': 135811, 'time_iter': 0.11635, 'accuracy': 0.45794, 'f1': 0.45669, 'auc': 0.62163}
> Epoch 51: took 57.9s (avg 33.9s) | Best so far: epoch 27	train_loss: 0.2159 train_accuracy: 0.9437	val_loss: 1.8314 val_accuracy: 0.4811	test_loss: 1.5609 test_accuracy: 0.5047
train: {'epoch': 52, 'time_epoch': 10.5131, 'eta': 1498.2636, 'eta_hours': 0.41618, 'loss': 0.07152173, 'lr': 0.0004919, 'params': 135811, 'time_iter': 0.19469, 'accuracy': 0.98709, 'f1': 0.98684, 'auc': 0.99659}
val: {'epoch': 52, 'time_epoch': 0.79289, 'loss': 2.42205299, 'lr': 0, 'params': 135811, 'time_iter': 0.11327, 'accuracy': 0.41509, 'f1': 0.37423, 'auc': 0.53295}
test: {'epoch': 52, 'time_epoch': 0.79775, 'loss': 2.06703662, 'lr': 0, 'params': 135811, 'time_iter': 0.11396, 'accuracy': 0.49533, 'f1': 0.39762, 'auc': 0.58729}
> Epoch 52: took 12.1s (avg 33.5s) | Best so far: epoch 27	train_loss: 0.2159 train_accuracy: 0.9437	val_loss: 1.8314 val_accuracy: 0.4811	test_loss: 1.5609 test_accuracy: 0.5047
train: {'epoch': 53, 'time_epoch': 33.07466, 'eta': 1467.40507, 'eta_hours': 0.40761, 'loss': 0.10439296, 'lr': 0.00047572, 'params': 135811, 'time_iter': 0.61249, 'accuracy': 0.97653, 'f1': 0.97447, 'auc': 0.99501}
val: {'epoch': 53, 'time_epoch': 0.82236, 'loss': 2.55068987, 'lr': 0, 'params': 135811, 'time_iter': 0.11748, 'accuracy': 0.37736, 'f1': 0.37931, 'auc': 0.56616}
test: {'epoch': 53, 'time_epoch': 0.80991, 'loss': 2.15428563, 'lr': 0, 'params': 135811, 'time_iter': 0.1157, 'accuracy': 0.45794, 'f1': 0.43698, 'auc': 0.64104}
> Epoch 53: took 34.7s (avg 33.6s) | Best so far: epoch 27	train_loss: 0.2159 train_accuracy: 0.9437	val_loss: 1.8314 val_accuracy: 0.4811	test_loss: 1.5609 test_accuracy: 0.5047
train: {'epoch': 54, 'time_epoch': 33.12597, 'eta': 1436.50794, 'eta_hours': 0.39903, 'loss': 0.08617634, 'lr': 0.00045956, 'params': 135811, 'time_iter': 0.61344, 'accuracy': 0.98122, 'f1': 0.98065, 'auc': 0.99475}
val: {'epoch': 54, 'time_epoch': 0.82045, 'loss': 2.35316533, 'lr': 0, 'params': 135811, 'time_iter': 0.11721, 'accuracy': 0.42453, 'f1': 0.40156, 'auc': 0.57196}
test: {'epoch': 54, 'time_epoch': 0.79528, 'loss': 2.66890274, 'lr': 0, 'params': 135811, 'time_iter': 0.11361, 'accuracy': 0.34579, 'f1': 0.3403, 'auc': 0.59588}
> Epoch 54: took 34.8s (avg 33.6s) | Best so far: epoch 27	train_loss: 0.2159 train_accuracy: 0.9437	val_loss: 1.8314 val_accuracy: 0.4811	test_loss: 1.5609 test_accuracy: 0.5047
train: {'epoch': 55, 'time_epoch': 44.66593, 'eta': 1414.59831, 'eta_hours': 0.39294, 'loss': 0.07315619, 'lr': 0.00044344, 'params': 135811, 'time_iter': 0.82715, 'accuracy': 0.98709, 'f1': 0.98643, 'auc': 0.99657}
val: {'epoch': 55, 'time_epoch': 0.80889, 'loss': 2.38691759, 'lr': 0, 'params': 135811, 'time_iter': 0.11556, 'accuracy': 0.39623, 'f1': 0.38663, 'auc': 0.54733}
test: {'epoch': 55, 'time_epoch': 0.81443, 'loss': 1.97227291, 'lr': 0, 'params': 135811, 'time_iter': 0.11635, 'accuracy': 0.52336, 'f1': 0.49267, 'auc': 0.60246}
> Epoch 55: took 46.3s (avg 33.8s) | Best so far: epoch 27	train_loss: 0.2159 train_accuracy: 0.9437	val_loss: 1.8314 val_accuracy: 0.4811	test_loss: 1.5609 test_accuracy: 0.5047
train: {'epoch': 56, 'time_epoch': 10.38668, 'eta': 1366.03044, 'eta_hours': 0.37945, 'loss': 0.07212796, 'lr': 0.00042739, 'params': 135811, 'time_iter': 0.19235, 'accuracy': 0.98592, 'f1': 0.98564, 'auc': 0.99514}
val: {'epoch': 56, 'time_epoch': 0.83708, 'loss': 2.59528172, 'lr': 0, 'params': 135811, 'time_iter': 0.11958, 'accuracy': 0.36792, 'f1': 0.36999, 'auc': 0.59152}
test: {'epoch': 56, 'time_epoch': 0.82678, 'loss': 2.15062805, 'lr': 0, 'params': 135811, 'time_iter': 0.11811, 'accuracy': 0.47664, 'f1': 0.45516, 'auc': 0.60857}
> Epoch 56: took 12.1s (avg 33.4s) | Best so far: epoch 27	train_loss: 0.2159 train_accuracy: 0.9437	val_loss: 1.8314 val_accuracy: 0.4811	test_loss: 1.5609 test_accuracy: 0.5047
train: {'epoch': 57, 'time_epoch': 44.74879, 'eta': 1343.66206, 'eta_hours': 0.37324, 'loss': 0.09043521, 'lr': 0.0004114, 'params': 135811, 'time_iter': 0.82868, 'accuracy': 0.98122, 'f1': 0.98005, 'auc': 0.99416}
val: {'epoch': 57, 'time_epoch': 0.821, 'loss': 2.6330178, 'lr': 0, 'params': 135811, 'time_iter': 0.11729, 'accuracy': 0.36792, 'f1': 0.33903, 'auc': 0.56447}
test: {'epoch': 57, 'time_epoch': 0.8043, 'loss': 2.35760587, 'lr': 0, 'params': 135811, 'time_iter': 0.1149, 'accuracy': 0.43925, 'f1': 0.38953, 'auc': 0.57992}
> Epoch 57: took 46.4s (avg 33.6s) | Best so far: epoch 27	train_loss: 0.2159 train_accuracy: 0.9437	val_loss: 1.8314 val_accuracy: 0.4811	test_loss: 1.5609 test_accuracy: 0.5047
train: {'epoch': 58, 'time_epoch': 40.21338, 'eta': 1317.3833, 'eta_hours': 0.36594, 'loss': 0.09655287, 'lr': 0.00039552, 'params': 135811, 'time_iter': 0.74469, 'accuracy': 0.97418, 'f1': 0.97296, 'auc': 0.99643}
val: {'epoch': 58, 'time_epoch': 0.81494, 'loss': 2.53482545, 'lr': 0, 'params': 135811, 'time_iter': 0.11642, 'accuracy': 0.42453, 'f1': 0.40779, 'auc': 0.57036}
test: {'epoch': 58, 'time_epoch': 0.8203, 'loss': 2.45302537, 'lr': 0, 'params': 135811, 'time_iter': 0.11719, 'accuracy': 0.40187, 'f1': 0.38237, 'auc': 0.59484}
> Epoch 58: took 41.9s (avg 33.8s) | Best so far: epoch 27	train_loss: 0.2159 train_accuracy: 0.9437	val_loss: 1.8314 val_accuracy: 0.4811	test_loss: 1.5609 test_accuracy: 0.5047
train: {'epoch': 59, 'time_epoch': 67.4875, 'eta': 1308.8228, 'eta_hours': 0.36356, 'loss': 0.0779079, 'lr': 0.00037974, 'params': 135811, 'time_iter': 1.24977, 'accuracy': 0.98122, 'f1': 0.98031, 'auc': 0.99624}
val: {'epoch': 59, 'time_epoch': 0.81921, 'loss': 2.49174897, 'lr': 0, 'params': 135811, 'time_iter': 0.11703, 'accuracy': 0.39623, 'f1': 0.39906, 'auc': 0.55415}
test: {'epoch': 59, 'time_epoch': 0.81602, 'loss': 2.19814734, 'lr': 0, 'params': 135811, 'time_iter': 0.11657, 'accuracy': 0.47664, 'f1': 0.44826, 'auc': 0.63154}
> Epoch 59: took 69.2s (avg 34.4s) | Best so far: epoch 27	train_loss: 0.2159 train_accuracy: 0.9437	val_loss: 1.8314 val_accuracy: 0.4811	test_loss: 1.5609 test_accuracy: 0.5047
train: {'epoch': 60, 'time_epoch': 44.79635, 'eta': 1283.82281, 'eta_hours': 0.35662, 'loss': 0.0944083, 'lr': 0.00036408, 'params': 135811, 'time_iter': 0.82956, 'accuracy': 0.97535, 'f1': 0.97703, 'auc': 0.99736}
val: {'epoch': 60, 'time_epoch': 0.81904, 'loss': 2.5321683, 'lr': 0, 'params': 135811, 'time_iter': 0.11701, 'accuracy': 0.39623, 'f1': 0.37489, 'auc': 0.57209}
test: {'epoch': 60, 'time_epoch': 0.82221, 'loss': 2.30076331, 'lr': 0, 'params': 135811, 'time_iter': 0.11746, 'accuracy': 0.4486, 'f1': 0.4352, 'auc': 0.63202}
> Epoch 60: took 46.5s (avg 34.6s) | Best so far: epoch 27	train_loss: 0.2159 train_accuracy: 0.9437	val_loss: 1.8314 val_accuracy: 0.4811	test_loss: 1.5609 test_accuracy: 0.5047
train: {'epoch': 61, 'time_epoch': 33.53206, 'eta': 1251.28031, 'eta_hours': 0.34758, 'loss': 0.0696848, 'lr': 0.00034857, 'params': 135811, 'time_iter': 0.62096, 'accuracy': 0.98357, 'f1': 0.98348, 'auc': 0.99795}
val: {'epoch': 61, 'time_epoch': 0.83091, 'loss': 2.4907553, 'lr': 0, 'params': 135811, 'time_iter': 0.1187, 'accuracy': 0.41509, 'f1': 0.34722, 'auc': 0.54154}
test: {'epoch': 61, 'time_epoch': 0.79923, 'loss': 2.11941076, 'lr': 0, 'params': 135811, 'time_iter': 0.11418, 'accuracy': 0.50467, 'f1': 0.32711, 'auc': 0.54429}
> Epoch 61: took 35.2s (avg 34.6s) | Best so far: epoch 27	train_loss: 0.2159 train_accuracy: 0.9437	val_loss: 1.8314 val_accuracy: 0.4811	test_loss: 1.5609 test_accuracy: 0.5047
train: {'epoch': 62, 'time_epoch': 22.1118, 'eta': 1211.99926, 'eta_hours': 0.33667, 'loss': 0.06483824, 'lr': 0.00033322, 'params': 135811, 'time_iter': 0.40948, 'accuracy': 0.98709, 'f1': 0.98676, 'auc': 0.9988}
val: {'epoch': 62, 'time_epoch': 0.83781, 'loss': 2.59264286, 'lr': 0, 'params': 135811, 'time_iter': 0.11969, 'accuracy': 0.37736, 'f1': 0.3739, 'auc': 0.57967}
test: {'epoch': 62, 'time_epoch': 0.83071, 'loss': 2.17900031, 'lr': 0, 'params': 135811, 'time_iter': 0.11867, 'accuracy': 0.49533, 'f1': 0.48718, 'auc': 0.62692}
> Epoch 62: took 23.8s (avg 34.4s) | Best so far: epoch 27	train_loss: 0.2159 train_accuracy: 0.9437	val_loss: 1.8314 val_accuracy: 0.4811	test_loss: 1.5609 test_accuracy: 0.5047
train: {'epoch': 63, 'time_epoch': 56.43952, 'eta': 1192.56408, 'eta_hours': 0.33127, 'loss': 0.07708363, 'lr': 0.00031805, 'params': 135811, 'time_iter': 1.04518, 'accuracy': 0.98239, 'f1': 0.98144, 'auc': 0.99874}
val: {'epoch': 63, 'time_epoch': 0.81955, 'loss': 2.61089904, 'lr': 0, 'params': 135811, 'time_iter': 0.11708, 'accuracy': 0.38679, 'f1': 0.38443, 'auc': 0.58896}
test: {'epoch': 63, 'time_epoch': 0.8098, 'loss': 2.22280581, 'lr': 0, 'params': 135811, 'time_iter': 0.11569, 'accuracy': 0.45794, 'f1': 0.44393, 'auc': 0.61668}
> Epoch 63: took 58.1s (avg 34.8s) | Best so far: epoch 27	train_loss: 0.2159 train_accuracy: 0.9437	val_loss: 1.8314 val_accuracy: 0.4811	test_loss: 1.5609 test_accuracy: 0.5047
train: {'epoch': 64, 'time_epoch': 22.04206, 'eta': 1153.46861, 'eta_hours': 0.32041, 'loss': 0.05947375, 'lr': 0.00030306, 'params': 135811, 'time_iter': 0.40819, 'accuracy': 0.98944, 'f1': 0.98888, 'auc': 0.99865}
val: {'epoch': 64, 'time_epoch': 0.82455, 'loss': 2.5454259, 'lr': 0, 'params': 135811, 'time_iter': 0.11779, 'accuracy': 0.35849, 'f1': 0.34978, 'auc': 0.56621}
test: {'epoch': 64, 'time_epoch': 0.83131, 'loss': 1.97888536, 'lr': 0, 'params': 135811, 'time_iter': 0.11876, 'accuracy': 0.52336, 'f1': 0.48861, 'auc': 0.61529}
> Epoch 64: took 23.7s (avg 34.6s) | Best so far: epoch 27	train_loss: 0.2159 train_accuracy: 0.9437	val_loss: 1.8314 val_accuracy: 0.4811	test_loss: 1.5609 test_accuracy: 0.5047
train: {'epoch': 65, 'time_epoch': 34.031, 'eta': 1121.06602, 'eta_hours': 0.31141, 'loss': 0.06226703, 'lr': 0.00028828, 'params': 135811, 'time_iter': 0.6302, 'accuracy': 0.98474, 'f1': 0.98436, 'auc': 0.9988}
val: {'epoch': 65, 'time_epoch': 0.80624, 'loss': 2.52757627, 'lr': 0, 'params': 135811, 'time_iter': 0.11518, 'accuracy': 0.4434, 'f1': 0.42972, 'auc': 0.5752}
test: {'epoch': 65, 'time_epoch': 0.80485, 'loss': 2.38956696, 'lr': 0, 'params': 135811, 'time_iter': 0.11498, 'accuracy': 0.45794, 'f1': 0.44872, 'auc': 0.62146}
> Epoch 65: took 35.7s (avg 34.6s) | Best so far: epoch 27	train_loss: 0.2159 train_accuracy: 0.9437	val_loss: 1.8314 val_accuracy: 0.4811	test_loss: 1.5609 test_accuracy: 0.5047
train: {'epoch': 66, 'time_epoch': 56.20241, 'eta': 1099.53508, 'eta_hours': 0.30543, 'loss': 0.0636197, 'lr': 0.00027373, 'params': 135811, 'time_iter': 1.04079, 'accuracy': 0.98474, 'f1': 0.98503, 'auc': 0.99866}
val: {'epoch': 66, 'time_epoch': 0.83029, 'loss': 2.50353983, 'lr': 0, 'params': 135811, 'time_iter': 0.11861, 'accuracy': 0.38679, 'f1': 0.37337, 'auc': 0.54307}
test: {'epoch': 66, 'time_epoch': 0.85228, 'loss': 2.03421931, 'lr': 0, 'params': 135811, 'time_iter': 0.12175, 'accuracy': 0.49533, 'f1': 0.44754, 'auc': 0.63188}
> Epoch 66: took 57.9s (avg 35.0s) | Best so far: epoch 27	train_loss: 0.2159 train_accuracy: 0.9437	val_loss: 1.8314 val_accuracy: 0.4811	test_loss: 1.5609 test_accuracy: 0.5047
train: {'epoch': 67, 'time_epoch': 44.80964, 'eta': 1071.62308, 'eta_hours': 0.29767, 'loss': 0.06918488, 'lr': 0.00025941, 'params': 135811, 'time_iter': 0.82981, 'accuracy': 0.98709, 'f1': 0.98633, 'auc': 0.99825}
val: {'epoch': 67, 'time_epoch': 0.79287, 'loss': 2.4929558, 'lr': 0, 'params': 135811, 'time_iter': 0.11327, 'accuracy': 0.42453, 'f1': 0.42687, 'auc': 0.58273}
test: {'epoch': 67, 'time_epoch': 0.81089, 'loss': 2.21225456, 'lr': 0, 'params': 135811, 'time_iter': 0.11584, 'accuracy': 0.46729, 'f1': 0.42974, 'auc': 0.64091}
> Epoch 67: took 46.4s (avg 35.1s) | Best so far: epoch 27	train_loss: 0.2159 train_accuracy: 0.9437	val_loss: 1.8314 val_accuracy: 0.4811	test_loss: 1.5609 test_accuracy: 0.5047
train: {'epoch': 68, 'time_epoch': 90.67238, 'eta': 1063.82629, 'eta_hours': 0.29551, 'loss': 0.05013612, 'lr': 0.00024534, 'params': 135811, 'time_iter': 1.67912, 'accuracy': 0.99061, 'f1': 0.9909, 'auc': 0.99915}
val: {'epoch': 68, 'time_epoch': 0.83302, 'loss': 2.66085285, 'lr': 0, 'params': 135811, 'time_iter': 0.119, 'accuracy': 0.37736, 'f1': 0.34735, 'auc': 0.58471}
test: {'epoch': 68, 'time_epoch': 0.8315, 'loss': 2.14381073, 'lr': 0, 'params': 135811, 'time_iter': 0.11879, 'accuracy': 0.49533, 'f1': 0.4172, 'auc': 0.56103}
> Epoch 68: took 92.4s (avg 36.0s) | Best so far: epoch 27	train_loss: 0.2159 train_accuracy: 0.9437	val_loss: 1.8314 val_accuracy: 0.4811	test_loss: 1.5609 test_accuracy: 0.5047
train: {'epoch': 69, 'time_epoch': 33.51555, 'eta': 1029.16584, 'eta_hours': 0.28588, 'loss': 0.06132764, 'lr': 0.00023154, 'params': 135811, 'time_iter': 0.62066, 'accuracy': 0.98592, 'f1': 0.98498, 'auc': 0.99894}
val: {'epoch': 69, 'time_epoch': 0.89229, 'loss': 2.45959378, 'lr': 0, 'params': 135811, 'time_iter': 0.12747, 'accuracy': 0.4434, 'f1': 0.38702, 'auc': 0.56326}
test: {'epoch': 69, 'time_epoch': 0.84217, 'loss': 2.70014404, 'lr': 0, 'params': 135811, 'time_iter': 0.12031, 'accuracy': 0.39252, 'f1': 0.36577, 'auc': 0.56238}
> Epoch 69: took 35.3s (avg 36.0s) | Best so far: epoch 27	train_loss: 0.2159 train_accuracy: 0.9437	val_loss: 1.8314 val_accuracy: 0.4811	test_loss: 1.5609 test_accuracy: 0.5047
train: {'epoch': 70, 'time_epoch': 22.17237, 'eta': 989.90452, 'eta_hours': 0.27497, 'loss': 0.04668637, 'lr': 0.00021802, 'params': 135811, 'time_iter': 0.4106, 'accuracy': 0.99178, 'f1': 0.99191, 'auc': 0.99882}
val: {'epoch': 70, 'time_epoch': 0.8008, 'loss': 2.63120019, 'lr': 0, 'params': 135811, 'time_iter': 0.1144, 'accuracy': 0.33962, 'f1': 0.33975, 'auc': 0.56341}
test: {'epoch': 70, 'time_epoch': 0.80475, 'loss': 2.15583619, 'lr': 0, 'params': 135811, 'time_iter': 0.11496, 'accuracy': 0.51402, 'f1': 0.4924, 'auc': 0.62292}
> Epoch 70: took 23.8s (avg 35.8s) | Best so far: epoch 27	train_loss: 0.2159 train_accuracy: 0.9437	val_loss: 1.8314 val_accuracy: 0.4811	test_loss: 1.5609 test_accuracy: 0.5047
train: {'epoch': 71, 'time_epoch': 33.76983, 'eta': 955.62801, 'eta_hours': 0.26545, 'loss': 0.06760819, 'lr': 0.0002048, 'params': 135811, 'time_iter': 0.62537, 'accuracy': 0.98357, 'f1': 0.98297, 'auc': 0.9982}
val: {'epoch': 71, 'time_epoch': 0.8757, 'loss': 2.57702636, 'lr': 0, 'params': 135811, 'time_iter': 0.1251, 'accuracy': 0.38679, 'f1': 0.3901, 'auc': 0.57971}
test: {'epoch': 71, 'time_epoch': 0.84381, 'loss': 2.09520394, 'lr': 0, 'params': 135811, 'time_iter': 0.12054, 'accuracy': 0.48598, 'f1': 0.47076, 'auc': 0.64565}
> Epoch 71: took 35.5s (avg 35.8s) | Best so far: epoch 27	train_loss: 0.2159 train_accuracy: 0.9437	val_loss: 1.8314 val_accuracy: 0.4811	test_loss: 1.5609 test_accuracy: 0.5047
train: {'epoch': 72, 'time_epoch': 44.96592, 'eta': 925.5064, 'eta_hours': 0.25709, 'loss': 0.04103503, 'lr': 0.00019189, 'params': 135811, 'time_iter': 0.8327, 'accuracy': 0.99296, 'f1': 0.99325, 'auc': 0.99948}
val: {'epoch': 72, 'time_epoch': 0.82943, 'loss': 2.59989115, 'lr': 0, 'params': 135811, 'time_iter': 0.11849, 'accuracy': 0.35849, 'f1': 0.35767, 'auc': 0.57971}
test: {'epoch': 72, 'time_epoch': 0.85254, 'loss': 2.22203025, 'lr': 0, 'params': 135811, 'time_iter': 0.12179, 'accuracy': 0.46729, 'f1': 0.45882, 'auc': 0.62628}
> Epoch 72: took 46.7s (avg 35.9s) | Best so far: epoch 27	train_loss: 0.2159 train_accuracy: 0.9437	val_loss: 1.8314 val_accuracy: 0.4811	test_loss: 1.5609 test_accuracy: 0.5047
train: {'epoch': 73, 'time_epoch': 44.85981, 'eta': 894.94631, 'eta_hours': 0.2486, 'loss': 0.05606746, 'lr': 0.0001793, 'params': 135811, 'time_iter': 0.83074, 'accuracy': 0.98826, 'f1': 0.98842, 'auc': 0.99906}
val: {'epoch': 73, 'time_epoch': 0.80625, 'loss': 2.58389997, 'lr': 0, 'params': 135811, 'time_iter': 0.11518, 'accuracy': 0.37736, 'f1': 0.38089, 'auc': 0.57904}
test: {'epoch': 73, 'time_epoch': 0.81098, 'loss': 2.17120065, 'lr': 0, 'params': 135811, 'time_iter': 0.11585, 'accuracy': 0.48598, 'f1': 0.47234, 'auc': 0.63509}
> Epoch 73: took 46.5s (avg 36.1s) | Best so far: epoch 27	train_loss: 0.2159 train_accuracy: 0.9437	val_loss: 1.8314 val_accuracy: 0.4811	test_loss: 1.5609 test_accuracy: 0.5047
train: {'epoch': 74, 'time_epoch': 22.11386, 'eta': 856.42292, 'eta_hours': 0.2379, 'loss': 0.04809484, 'lr': 0.00016704, 'params': 135811, 'time_iter': 0.40952, 'accuracy': 0.99178, 'f1': 0.99124, 'auc': 0.99818}
val: {'epoch': 74, 'time_epoch': 0.80031, 'loss': 2.50835046, 'lr': 0, 'params': 135811, 'time_iter': 0.11433, 'accuracy': 0.40566, 'f1': 0.40224, 'auc': 0.58516}
test: {'epoch': 74, 'time_epoch': 0.82135, 'loss': 2.29083446, 'lr': 0, 'params': 135811, 'time_iter': 0.11734, 'accuracy': 0.45794, 'f1': 0.43834, 'auc': 0.59843}
> Epoch 74: took 23.8s (avg 35.9s) | Best so far: epoch 27	train_loss: 0.2159 train_accuracy: 0.9437	val_loss: 1.8314 val_accuracy: 0.4811	test_loss: 1.5609 test_accuracy: 0.5047
train: {'epoch': 75, 'time_epoch': 22.02763, 'eta': 818.30412, 'eta_hours': 0.22731, 'loss': 0.04074876, 'lr': 0.00015514, 'params': 135811, 'time_iter': 0.40792, 'accuracy': 0.99296, 'f1': 0.99281, 'auc': 0.99965}
val: {'epoch': 75, 'time_epoch': 0.85524, 'loss': 2.57567085, 'lr': 0, 'params': 135811, 'time_iter': 0.12218, 'accuracy': 0.36792, 'f1': 0.36291, 'auc': 0.5801}
test: {'epoch': 75, 'time_epoch': 0.83362, 'loss': 2.07773009, 'lr': 0, 'params': 135811, 'time_iter': 0.11909, 'accuracy': 0.52336, 'f1': 0.5103, 'auc': 0.62239}
> Epoch 75: took 23.8s (avg 35.8s) | Best so far: epoch 27	train_loss: 0.2159 train_accuracy: 0.9437	val_loss: 1.8314 val_accuracy: 0.4811	test_loss: 1.5609 test_accuracy: 0.5047
train: {'epoch': 76, 'time_epoch': 33.44265, 'eta': 784.01296, 'eta_hours': 0.21778, 'loss': 0.04655756, 'lr': 0.0001436, 'params': 135811, 'time_iter': 0.61931, 'accuracy': 0.98944, 'f1': 0.98858, 'auc': 0.99936}
val: {'epoch': 76, 'time_epoch': 0.81659, 'loss': 2.5351771, 'lr': 0, 'params': 135811, 'time_iter': 0.11666, 'accuracy': 0.37736, 'f1': 0.38019, 'auc': 0.59045}
test: {'epoch': 76, 'time_epoch': 0.80398, 'loss': 2.21908624, 'lr': 0, 'params': 135811, 'time_iter': 0.11485, 'accuracy': 0.48598, 'f1': 0.46782, 'auc': 0.62808}
> Epoch 76: took 35.1s (avg 35.7s) | Best so far: epoch 27	train_loss: 0.2159 train_accuracy: 0.9437	val_loss: 1.8314 val_accuracy: 0.4811	test_loss: 1.5609 test_accuracy: 0.5047
train: {'epoch': 77, 'time_epoch': 56.06943, 'eta': 756.12547, 'eta_hours': 0.21003, 'loss': 0.04278579, 'lr': 0.00013243, 'params': 135811, 'time_iter': 1.03832, 'accuracy': 0.99178, 'f1': 0.99244, 'auc': 0.99961}
val: {'epoch': 77, 'time_epoch': 0.81502, 'loss': 2.54156614, 'lr': 0, 'params': 135811, 'time_iter': 0.11643, 'accuracy': 0.35849, 'f1': 0.35714, 'auc': 0.59285}
test: {'epoch': 77, 'time_epoch': 0.80728, 'loss': 2.29703621, 'lr': 0, 'params': 135811, 'time_iter': 0.11533, 'accuracy': 0.4486, 'f1': 0.44186, 'auc': 0.62815}
> Epoch 77: took 57.7s (avg 36.0s) | Best so far: epoch 27	train_loss: 0.2159 train_accuracy: 0.9437	val_loss: 1.8314 val_accuracy: 0.4811	test_loss: 1.5609 test_accuracy: 0.5047
train: {'epoch': 78, 'time_epoch': 33.7524, 'eta': 721.59213, 'eta_hours': 0.20044, 'loss': 0.06995584, 'lr': 0.00012164, 'params': 135811, 'time_iter': 0.62504, 'accuracy': 0.98357, 'f1': 0.98191, 'auc': 0.99883}
val: {'epoch': 78, 'time_epoch': 0.86671, 'loss': 2.50968355, 'lr': 0, 'params': 135811, 'time_iter': 0.12382, 'accuracy': 0.40566, 'f1': 0.40103, 'auc': 0.56797}
test: {'epoch': 78, 'time_epoch': 0.99779, 'loss': 2.10060563, 'lr': 0, 'params': 135811, 'time_iter': 0.14254, 'accuracy': 0.51402, 'f1': 0.48599, 'auc': 0.62312}
> Epoch 78: took 35.7s (avg 36.0s) | Best so far: epoch 27	train_loss: 0.2159 train_accuracy: 0.9437	val_loss: 1.8314 val_accuracy: 0.4811	test_loss: 1.5609 test_accuracy: 0.5047
train: {'epoch': 79, 'time_epoch': 33.99522, 'eta': 687.13902, 'eta_hours': 0.19087, 'loss': 0.03958116, 'lr': 0.00011126, 'params': 135811, 'time_iter': 0.62954, 'accuracy': 0.99296, 'f1': 0.99325, 'auc': 0.99955}
val: {'epoch': 79, 'time_epoch': 0.84313, 'loss': 2.56262984, 'lr': 0, 'params': 135811, 'time_iter': 0.12045, 'accuracy': 0.35849, 'f1': 0.35816, 'auc': 0.58459}
test: {'epoch': 79, 'time_epoch': 0.84947, 'loss': 2.23034373, 'lr': 0, 'params': 135811, 'time_iter': 0.12135, 'accuracy': 0.45794, 'f1': 0.44831, 'auc': 0.6403}
> Epoch 79: took 35.7s (avg 36.0s) | Best so far: epoch 27	train_loss: 0.2159 train_accuracy: 0.9437	val_loss: 1.8314 val_accuracy: 0.4811	test_loss: 1.5609 test_accuracy: 0.5047
train: {'epoch': 80, 'time_epoch': 22.12308, 'eta': 649.9124, 'eta_hours': 0.18053, 'loss': 0.04298828, 'lr': 0.00010128, 'params': 135811, 'time_iter': 0.40969, 'accuracy': 0.99061, 'f1': 0.99034, 'auc': 0.99937}
val: {'epoch': 80, 'time_epoch': 0.83118, 'loss': 2.58369986, 'lr': 0, 'params': 135811, 'time_iter': 0.11874, 'accuracy': 0.39623, 'f1': 0.39335, 'auc': 0.58383}
test: {'epoch': 80, 'time_epoch': 0.799, 'loss': 2.24963886, 'lr': 0, 'params': 135811, 'time_iter': 0.11414, 'accuracy': 0.46729, 'f1': 0.46011, 'auc': 0.60671}
> Epoch 80: took 23.8s (avg 35.9s) | Best so far: epoch 27	train_loss: 0.2159 train_accuracy: 0.9437	val_loss: 1.8314 val_accuracy: 0.4811	test_loss: 1.5609 test_accuracy: 0.5047
train: {'epoch': 81, 'time_epoch': 22.43076, 'eta': 613.12169, 'eta_hours': 0.17031, 'loss': 0.04014838, 'lr': 9.172e-05, 'params': 135811, 'time_iter': 0.41538, 'accuracy': 0.99178, 'f1': 0.99147, 'auc': 0.99974}
val: {'epoch': 81, 'time_epoch': 0.80447, 'loss': 2.56426262, 'lr': 0, 'params': 135811, 'time_iter': 0.11492, 'accuracy': 0.35849, 'f1': 0.35087, 'auc': 0.55992}
test: {'epoch': 81, 'time_epoch': 0.80971, 'loss': 2.08724894, 'lr': 0, 'params': 135811, 'time_iter': 0.11567, 'accuracy': 0.52336, 'f1': 0.4911, 'auc': 0.61307}
> Epoch 81: took 24.1s (avg 35.7s) | Best so far: epoch 27	train_loss: 0.2159 train_accuracy: 0.9437	val_loss: 1.8314 val_accuracy: 0.4811	test_loss: 1.5609 test_accuracy: 0.5047
train: {'epoch': 82, 'time_epoch': 33.46006, 'eta': 578.93602, 'eta_hours': 0.16082, 'loss': 0.03730566, 'lr': 8.259e-05, 'params': 135811, 'time_iter': 0.61963, 'accuracy': 0.99296, 'f1': 0.9927, 'auc': 0.99965}
val: {'epoch': 82, 'time_epoch': 0.84747, 'loss': 2.51003105, 'lr': 0, 'params': 135811, 'time_iter': 0.12107, 'accuracy': 0.39623, 'f1': 0.40079, 'auc': 0.55913}
test: {'epoch': 82, 'time_epoch': 0.86094, 'loss': 2.13557126, 'lr': 0, 'params': 135811, 'time_iter': 0.12299, 'accuracy': 0.50467, 'f1': 0.47832, 'auc': 0.62526}
> Epoch 82: took 35.2s (avg 35.7s) | Best so far: epoch 27	train_loss: 0.2159 train_accuracy: 0.9437	val_loss: 1.8314 val_accuracy: 0.4811	test_loss: 1.5609 test_accuracy: 0.5047
train: {'epoch': 83, 'time_epoch': 44.98515, 'eta': 546.96288, 'eta_hours': 0.15193, 'loss': 0.04112018, 'lr': 7.389e-05, 'params': 135811, 'time_iter': 0.83306, 'accuracy': 0.99178, 'f1': 0.99224, 'auc': 0.99961}
val: {'epoch': 83, 'time_epoch': 0.81726, 'loss': 2.5942421, 'lr': 0, 'params': 135811, 'time_iter': 0.11675, 'accuracy': 0.34906, 'f1': 0.34823, 'auc': 0.58293}
test: {'epoch': 83, 'time_epoch': 0.84614, 'loss': 2.22872756, 'lr': 0, 'params': 135811, 'time_iter': 0.12088, 'accuracy': 0.47664, 'f1': 0.46218, 'auc': 0.61893}
> Epoch 83: took 46.7s (avg 35.9s) | Best so far: epoch 27	train_loss: 0.2159 train_accuracy: 0.9437	val_loss: 1.8314 val_accuracy: 0.4811	test_loss: 1.5609 test_accuracy: 0.5047
train: {'epoch': 84, 'time_epoch': 22.20507, 'eta': 510.66357, 'eta_hours': 0.14185, 'loss': 0.04913209, 'lr': 6.564e-05, 'params': 135811, 'time_iter': 0.41121, 'accuracy': 0.99061, 'f1': 0.99055, 'auc': 0.99949}
val: {'epoch': 84, 'time_epoch': 0.84245, 'loss': 2.61518591, 'lr': 0, 'params': 135811, 'time_iter': 0.12035, 'accuracy': 0.36792, 'f1': 0.36291, 'auc': 0.56038}
test: {'epoch': 84, 'time_epoch': 0.846, 'loss': 2.15422724, 'lr': 0, 'params': 135811, 'time_iter': 0.12086, 'accuracy': 0.47664, 'f1': 0.46175, 'auc': 0.61989}
> Epoch 84: took 23.9s (avg 35.7s) | Best so far: epoch 27	train_loss: 0.2159 train_accuracy: 0.9437	val_loss: 1.8314 val_accuracy: 0.4811	test_loss: 1.5609 test_accuracy: 0.5047
train: {'epoch': 85, 'time_epoch': 56.06713, 'eta': 480.20445, 'eta_hours': 0.13339, 'loss': 0.03647693, 'lr': 5.785e-05, 'params': 135811, 'time_iter': 1.03828, 'accuracy': 0.99296, 'f1': 0.99238, 'auc': 0.99953}
val: {'epoch': 85, 'time_epoch': 0.82177, 'loss': 2.56881735, 'lr': 0, 'params': 135811, 'time_iter': 0.1174, 'accuracy': 0.37736, 'f1': 0.37421, 'auc': 0.57164}
test: {'epoch': 85, 'time_epoch': 0.84015, 'loss': 2.14030741, 'lr': 0, 'params': 135811, 'time_iter': 0.12002, 'accuracy': 0.49533, 'f1': 0.47336, 'auc': 0.62752}
> Epoch 85: took 57.8s (avg 36.0s) | Best so far: epoch 27	train_loss: 0.2159 train_accuracy: 0.9437	val_loss: 1.8314 val_accuracy: 0.4811	test_loss: 1.5609 test_accuracy: 0.5047
train: {'epoch': 86, 'time_epoch': 22.08653, 'eta': 444.07908, 'eta_hours': 0.12336, 'loss': 0.04752397, 'lr': 5.052e-05, 'params': 135811, 'time_iter': 0.40901, 'accuracy': 0.98826, 'f1': 0.98799, 'auc': 0.99854}
val: {'epoch': 86, 'time_epoch': 0.83646, 'loss': 2.61291175, 'lr': 0, 'params': 135811, 'time_iter': 0.11949, 'accuracy': 0.35849, 'f1': 0.36099, 'auc': 0.57645}
test: {'epoch': 86, 'time_epoch': 0.82555, 'loss': 2.25138786, 'lr': 0, 'params': 135811, 'time_iter': 0.11794, 'accuracy': 0.45794, 'f1': 0.45025, 'auc': 0.61658}
> Epoch 86: took 23.8s (avg 35.8s) | Best so far: epoch 27	train_loss: 0.2159 train_accuracy: 0.9437	val_loss: 1.8314 val_accuracy: 0.4811	test_loss: 1.5609 test_accuracy: 0.5047
train: {'epoch': 87, 'time_epoch': 33.47567, 'eta': 409.82585, 'eta_hours': 0.11384, 'loss': 0.0476764, 'lr': 4.367e-05, 'params': 135811, 'time_iter': 0.61992, 'accuracy': 0.98944, 'f1': 0.98945, 'auc': 0.99876}
val: {'epoch': 87, 'time_epoch': 0.81819, 'loss': 2.69287364, 'lr': 0, 'params': 135811, 'time_iter': 0.11688, 'accuracy': 0.33962, 'f1': 0.33846, 'auc': 0.56997}
test: {'epoch': 87, 'time_epoch': 0.80939, 'loss': 2.28876777, 'lr': 0, 'params': 135811, 'time_iter': 0.11563, 'accuracy': 0.46729, 'f1': 0.45892, 'auc': 0.63391}
> Epoch 87: took 35.1s (avg 35.8s) | Best so far: epoch 27	train_loss: 0.2159 train_accuracy: 0.9437	val_loss: 1.8314 val_accuracy: 0.4811	test_loss: 1.5609 test_accuracy: 0.5047
train: {'epoch': 88, 'time_epoch': 56.21892, 'eta': 378.40105, 'eta_hours': 0.10511, 'loss': 0.04454808, 'lr': 3.729e-05, 'params': 135811, 'time_iter': 1.04109, 'accuracy': 0.98944, 'f1': 0.98881, 'auc': 0.99967}
val: {'epoch': 88, 'time_epoch': 0.79799, 'loss': 2.67439555, 'lr': 0, 'params': 135811, 'time_iter': 0.114, 'accuracy': 0.35849, 'f1': 0.3547, 'auc': 0.57304}
test: {'epoch': 88, 'time_epoch': 0.79311, 'loss': 2.10427629, 'lr': 0, 'params': 135811, 'time_iter': 0.1133, 'accuracy': 0.51402, 'f1': 0.49631, 'auc': 0.61969}
> Epoch 88: took 57.8s (avg 36.1s) | Best so far: epoch 27	train_loss: 0.2159 train_accuracy: 0.9437	val_loss: 1.8314 val_accuracy: 0.4811	test_loss: 1.5609 test_accuracy: 0.5047
train: {'epoch': 89, 'time_epoch': 10.66469, 'eta': 341.36368, 'eta_hours': 0.09482, 'loss': 0.03387188, 'lr': 3.14e-05, 'params': 135811, 'time_iter': 0.19749, 'accuracy': 0.99296, 'f1': 0.9927, 'auc': 0.99975}
val: {'epoch': 89, 'time_epoch': 0.79497, 'loss': 2.62945026, 'lr': 0, 'params': 135811, 'time_iter': 0.11357, 'accuracy': 0.34906, 'f1': 0.34171, 'auc': 0.57507}
test: {'epoch': 89, 'time_epoch': 0.79934, 'loss': 2.10521597, 'lr': 0, 'params': 135811, 'time_iter': 0.11419, 'accuracy': 0.50467, 'f1': 0.48974, 'auc': 0.60717}
> Epoch 89: took 12.3s (avg 35.8s) | Best so far: epoch 27	train_loss: 0.2159 train_accuracy: 0.9437	val_loss: 1.8314 val_accuracy: 0.4811	test_loss: 1.5609 test_accuracy: 0.5047
train: {'epoch': 90, 'time_epoch': 33.6574, 'eta': 307.17994, 'eta_hours': 0.08533, 'loss': 0.06035088, 'lr': 2.6e-05, 'params': 135811, 'time_iter': 0.62329, 'accuracy': 0.98474, 'f1': 0.98426, 'auc': 0.9986}
val: {'epoch': 90, 'time_epoch': 0.84427, 'loss': 2.66444262, 'lr': 0, 'params': 135811, 'time_iter': 0.12061, 'accuracy': 0.35849, 'f1': 0.35032, 'auc': 0.57591}
test: {'epoch': 90, 'time_epoch': 0.84962, 'loss': 2.153158, 'lr': 0, 'params': 135811, 'time_iter': 0.12137, 'accuracy': 0.47664, 'f1': 0.47223, 'auc': 0.60729}
> Epoch 90: took 35.4s (avg 35.8s) | Best so far: epoch 27	train_loss: 0.2159 train_accuracy: 0.9437	val_loss: 1.8314 val_accuracy: 0.4811	test_loss: 1.5609 test_accuracy: 0.5047
train: {'epoch': 91, 'time_epoch': 33.39221, 'eta': 272.98459, 'eta_hours': 0.07583, 'loss': 0.04966487, 'lr': 2.109e-05, 'params': 135811, 'time_iter': 0.61837, 'accuracy': 0.98592, 'f1': 0.985, 'auc': 0.99958}
val: {'epoch': 91, 'time_epoch': 0.7987, 'loss': 2.58447304, 'lr': 0, 'params': 135811, 'time_iter': 0.1141, 'accuracy': 0.35849, 'f1': 0.3497, 'auc': 0.5792}
test: {'epoch': 91, 'time_epoch': 0.8028, 'loss': 2.09327011, 'lr': 0, 'params': 135811, 'time_iter': 0.11469, 'accuracy': 0.50467, 'f1': 0.48902, 'auc': 0.60978}
> Epoch 91: took 35.0s (avg 35.8s) | Best so far: epoch 27	train_loss: 0.2159 train_accuracy: 0.9437	val_loss: 1.8314 val_accuracy: 0.4811	test_loss: 1.5609 test_accuracy: 0.5047
train: {'epoch': 92, 'time_epoch': 22.16234, 'eta': 237.96124, 'eta_hours': 0.0661, 'loss': 0.05547939, 'lr': 1.669e-05, 'params': 135811, 'time_iter': 0.41041, 'accuracy': 0.98357, 'f1': 0.98307, 'auc': 0.99908}
val: {'epoch': 92, 'time_epoch': 0.84311, 'loss': 2.52262185, 'lr': 0, 'params': 135811, 'time_iter': 0.12044, 'accuracy': 0.38679, 'f1': 0.38342, 'auc': 0.56751}
test: {'epoch': 92, 'time_epoch': 0.85899, 'loss': 2.06219883, 'lr': 0, 'params': 135811, 'time_iter': 0.12271, 'accuracy': 0.52336, 'f1': 0.48683, 'auc': 0.60362}
> Epoch 92: took 23.9s (avg 35.7s) | Best so far: epoch 27	train_loss: 0.2159 train_accuracy: 0.9437	val_loss: 1.8314 val_accuracy: 0.4811	test_loss: 1.5609 test_accuracy: 0.5047
train: {'epoch': 93, 'time_epoch': 22.03702, 'eta': 203.20354, 'eta_hours': 0.05645, 'loss': 0.034913, 'lr': 1.279e-05, 'params': 135811, 'time_iter': 0.40809, 'accuracy': 0.99178, 'f1': 0.99256, 'auc': 0.99977}
val: {'epoch': 93, 'time_epoch': 0.82817, 'loss': 2.65781297, 'lr': 0, 'params': 135811, 'time_iter': 0.11831, 'accuracy': 0.36792, 'f1': 0.35901, 'auc': 0.57795}
test: {'epoch': 93, 'time_epoch': 0.82642, 'loss': 2.30370554, 'lr': 0, 'params': 135811, 'time_iter': 0.11806, 'accuracy': 0.45794, 'f1': 0.43282, 'auc': 0.59724}
> Epoch 93: took 23.7s (avg 35.5s) | Best so far: epoch 27	train_loss: 0.2159 train_accuracy: 0.9437	val_loss: 1.8314 val_accuracy: 0.4811	test_loss: 1.5609 test_accuracy: 0.5047
train: {'epoch': 94, 'time_epoch': 33.82266, 'eta': 169.33394, 'eta_hours': 0.04704, 'loss': 0.03492376, 'lr': 9.41e-06, 'params': 135811, 'time_iter': 0.62635, 'accuracy': 0.99296, 'f1': 0.99325, 'auc': 0.99981}
val: {'epoch': 94, 'time_epoch': 0.94394, 'loss': 2.57281984, 'lr': 0, 'params': 135811, 'time_iter': 0.13485, 'accuracy': 0.38679, 'f1': 0.38999, 'auc': 0.57901}
test: {'epoch': 94, 'time_epoch': 0.83002, 'loss': 2.18241106, 'lr': 0, 'params': 135811, 'time_iter': 0.11857, 'accuracy': 0.48598, 'f1': 0.46666, 'auc': 0.61736}
> Epoch 94: took 35.6s (avg 35.5s) | Best so far: epoch 27	train_loss: 0.2159 train_accuracy: 0.9437	val_loss: 1.8314 val_accuracy: 0.4811	test_loss: 1.5609 test_accuracy: 0.5047
train: {'epoch': 95, 'time_epoch': 22.1916, 'eta': 134.98068, 'eta_hours': 0.03749, 'loss': 0.0373705, 'lr': 6.54e-06, 'params': 135811, 'time_iter': 0.41096, 'accuracy': 0.99061, 'f1': 0.99035, 'auc': 0.99966}
val: {'epoch': 95, 'time_epoch': 0.82237, 'loss': 2.59148351, 'lr': 0, 'params': 135811, 'time_iter': 0.11748, 'accuracy': 0.36792, 'f1': 0.36691, 'auc': 0.57286}
test: {'epoch': 95, 'time_epoch': 0.82397, 'loss': 2.25312169, 'lr': 0, 'params': 135811, 'time_iter': 0.11771, 'accuracy': 0.45794, 'f1': 0.45025, 'auc': 0.60865}
> Epoch 95: took 23.9s (avg 35.4s) | Best so far: epoch 27	train_loss: 0.2159 train_accuracy: 0.9437	val_loss: 1.8314 val_accuracy: 0.4811	test_loss: 1.5609 test_accuracy: 0.5047
train: {'epoch': 96, 'time_epoch': 22.18318, 'eta': 100.87792, 'eta_hours': 0.02802, 'loss': 0.04331348, 'lr': 4.19e-06, 'params': 135811, 'time_iter': 0.4108, 'accuracy': 0.99061, 'f1': 0.99077, 'auc': 0.99859}
val: {'epoch': 96, 'time_epoch': 0.81981, 'loss': 2.57337891, 'lr': 0, 'params': 135811, 'time_iter': 0.11712, 'accuracy': 0.37736, 'f1': 0.37501, 'auc': 0.57422}
test: {'epoch': 96, 'time_epoch': 0.81245, 'loss': 2.13659377, 'lr': 0, 'params': 135811, 'time_iter': 0.11606, 'accuracy': 0.50467, 'f1': 0.48319, 'auc': 0.61768}
> Epoch 96: took 23.8s (avg 35.3s) | Best so far: epoch 27	train_loss: 0.2159 train_accuracy: 0.9437	val_loss: 1.8314 val_accuracy: 0.4811	test_loss: 1.5609 test_accuracy: 0.5047
train: {'epoch': 97, 'time_epoch': 44.98423, 'eta': 67.48375, 'eta_hours': 0.01875, 'loss': 0.04017691, 'lr': 2.36e-06, 'params': 135811, 'time_iter': 0.83304, 'accuracy': 0.99061, 'f1': 0.9909, 'auc': 0.99973}
val: {'epoch': 97, 'time_epoch': 0.82853, 'loss': 2.66318488, 'lr': 0, 'params': 135811, 'time_iter': 0.11836, 'accuracy': 0.34906, 'f1': 0.34834, 'auc': 0.57599}
test: {'epoch': 97, 'time_epoch': 0.86489, 'loss': 2.28931108, 'lr': 0, 'params': 135811, 'time_iter': 0.12356, 'accuracy': 0.45794, 'f1': 0.45027, 'auc': 0.61398}
> Epoch 97: took 46.7s (avg 35.4s) | Best so far: epoch 27	train_loss: 0.2159 train_accuracy: 0.9437	val_loss: 1.8314 val_accuracy: 0.4811	test_loss: 1.5609 test_accuracy: 0.5047
train: {'epoch': 98, 'time_epoch': 56.18655, 'eta': 33.96859, 'eta_hours': 0.00944, 'loss': 0.03598205, 'lr': 1.05e-06, 'params': 135811, 'time_iter': 1.04049, 'accuracy': 0.99296, 'f1': 0.9925, 'auc': 0.99969}
val: {'epoch': 98, 'time_epoch': 0.80384, 'loss': 2.57465519, 'lr': 0, 'params': 135811, 'time_iter': 0.11483, 'accuracy': 0.36792, 'f1': 0.36274, 'auc': 0.5756}
test: {'epoch': 98, 'time_epoch': 0.80855, 'loss': 2.13160741, 'lr': 0, 'params': 135811, 'time_iter': 0.11551, 'accuracy': 0.50467, 'f1': 0.48486, 'auc': 0.60238}
> Epoch 98: took 57.8s (avg 35.6s) | Best so far: epoch 27	train_loss: 0.2159 train_accuracy: 0.9437	val_loss: 1.8314 val_accuracy: 0.4811	test_loss: 1.5609 test_accuracy: 0.5047
train: {'epoch': 99, 'time_epoch': 44.84611, 'eta': 0.0, 'eta_hours': 0.0, 'loss': 0.03794275, 'lr': 2.6e-07, 'params': 135811, 'time_iter': 0.83048, 'accuracy': 0.99061, 'f1': 0.99002, 'auc': 0.99971}
val: {'epoch': 99, 'time_epoch': 0.81388, 'loss': 2.56273415, 'lr': 0, 'params': 135811, 'time_iter': 0.11627, 'accuracy': 0.35849, 'f1': 0.3497, 'auc': 0.57069}
test: {'epoch': 99, 'time_epoch': 0.80108, 'loss': 2.07034804, 'lr': 0, 'params': 135811, 'time_iter': 0.11444, 'accuracy': 0.53271, 'f1': 0.50813, 'auc': 0.61111}
> Epoch 99: took 46.5s (avg 35.7s) | Best so far: epoch 27	train_loss: 0.2159 train_accuracy: 0.9437	val_loss: 1.8314 val_accuracy: 0.4811	test_loss: 1.5609 test_accuracy: 0.5047